{
	"credit": "Libro della Giungla",
	"ambientocclusion": false,
	"textures": {
		"particle": "blocks/vine",
		"vine": "blocks/vine"
	},
	"elements": [
		{
			"from": [11.0125, 0, 15.5],
			"to": [14.0125, 5, 16],
			"rotation": {"angle": 0, "axis": "y", "origin": [7.95, 7.72222, 7.8125]},
			"faces": {
				"north": {"uv": [2, 11, 5, 16], "texture": "#vine", "tintindex": 0 },
				"east": {"uv": [2, 11, 3, 16], "texture": "#vine", "tintindex": 0 },
				"south": {"uv": [5, 11, 2, 16], "texture": "#vine", "tintindex": 0 , "cullface": "south"},
				"west": {"uv": [4, 11, 5, 16], "texture": "#vine", "tintindex": 0 },
				"up": {"uv": [2, 11, 5, 12], "rotation": 180, "texture": "#vine", "tintindex": 0 },
				"down": {"uv": [2, 15, 5, 16], "texture": "#vine", "tintindex": 0 , "cullface": "down"}
			}
		},
		{
			"from": [14.0125, 1, 15.5],
			"to": [15.0125, 4, 16],
			"rotation": {"angle": 0, "axis": "y", "origin": [7.95, 7.72222, 7.8125]},
			"faces": {
				"north": {"uv": [1, 12, 2, 15], "texture": "#vine", "tintindex": 0 },
				"east": {"uv": [1, 12, 2, 15], "texture": "#vine", "tintindex": 0 },
				"south": {"uv": [1, 12, 2, 15], "texture": "#vine", "tintindex": 0 , "cullface": "south"},
				"up": {"uv": [1, 12, 2, 13], "texture": "#vine", "tintindex": 0 },
				"down": {"uv": [1, 14, 2, 15], "texture": "#vine", "tintindex": 0 }
			}
		},
		{
			"from": [9.0125, 0, 15.5],
			"to": [11.0125, 1, 16],
			"rotation": {"angle": 0, "axis": "y", "origin": [7.95, 7.72222, 7.8125]},
			"faces": {
				"north": {"uv": [5, 15, 7, 16], "texture": "#vine", "tintindex": 0 },
				"south": {"uv": [5, 15, 7, 16], "rotation": 180, "texture": "#vine", "tintindex": 0 , "cullface": "south"},
				"west": {"uv": [6, 15, 7, 16], "texture": "#vine", "tintindex": 0 },
				"up": {"uv": [5, 15, 7, 16], "rotation": 180, "texture": "#vine", "tintindex": 0 },
				"down": {"uv": [5, 15, 7, 16], "rotation": 180, "texture": "#vine", "tintindex": 0 , "cullface": "down"}
			}
		},
		{
			"from": [6.0125, 0, 15.5],
			"to": [8.0125, 1, 16],
			"rotation": {"angle": 0, "axis": "y", "origin": [7.95, 7.72222, 7.8125]},
			"faces": {
				"north": {"uv": [8, 15, 10, 16], "texture": "#vine", "tintindex": 0 },
				"east": {"uv": [8, 15, 9, 16], "texture": "#vine", "tintindex": 0 },
				"south": {"uv": [8, 15, 10, 16], "rotation": 180, "texture": "#vine", "tintindex": 0 , "cullface": "south"},
				"west": {"uv": [9, 15, 10, 16], "texture": "#vine", "tintindex": 0 },
				"up": {"uv": [8, 15, 10, 16], "rotation": 180, "texture": "#vine", "tintindex": 0 },
				"down": {"uv": [8, 15, 10, 16], "rotation": 180, "texture": "#vine", "tintindex": 0 , "cullface": "down"}
			}
		},
		{
			"from": [15.0125, 3, 15.5],
			"to": [16.0125, 4, 16],
			"rotation": {"angle": 0, "axis": "y", "origin": [7.95, 7.72222, 7.8125]},
			"faces": {
				"north": {"uv": [0, 12, 1, 13], "texture": "#vine", "tintindex": 0 },
				"east": {"uv": [0, 12, 1, 13], "texture": "#vine", "tintindex": 0 , "cullface": "east"},
				"south": {"uv": [0, 12, 1, 13], "texture": "#vine", "tintindex": 0 , "cullface": "south"},
				"up": {"uv": [0, 12, 1, 13], "texture": "#vine", "tintindex": 0 },
				"down": {"uv": [0, 12, 1, 13], "texture": "#vine", "tintindex": 0 }
			}
		},
		{
			"from": [7.0125, 8, 15.5],
			"to": [8.0125, 9, 16],
			"rotation": {"angle": 0, "axis": "y", "origin": [7.95, 7.72222, 7.8125]},
			"faces": {
				"north": {"uv": [8, 7, 9, 8], "texture": "#vine", "tintindex": 0 },
				"east": {"uv": [8, 7, 9, 8], "texture": "#vine", "tintindex": 0 },
				"south": {"uv": [8, 7, 9, 8], "texture": "#vine", "tintindex": 0 , "cullface": "south"},
				"west": {"uv": [8, 7, 9, 8], "texture": "#vine", "tintindex": 0 },
				"down": {"uv": [8, 7, 9, 8], "texture": "#vine", "tintindex": 0 }
			}
		},
		{
			"from": [5.0125, 8, 15.5],
			"to": [6.0125, 9, 16],
			"rotation": {"angle": 0, "axis": "y", "origin": [7.95, 7.72222, 7.8125]},
			"faces": {
				"north": {"uv": [10, 7, 11, 8], "texture": "#vine", "tintindex": 0 },
				"east": {"uv": [10, 7, 11, 8], "texture": "#vine", "tintindex": 0 },
				"south": {"uv": [10, 7, 11, 8], "texture": "#vine", "tintindex": 0 , "cullface": "south"},
				"up": {"uv": [10, 7, 11, 8], "texture": "#vine", "tintindex": 0 },
				"down": {"uv": [10, 7, 11, 8], "texture": "#vine", "tintindex": 0 }
			}
		},
		{
			"from": [5.0125, 1, 15.5],
			"to": [6.0125, 2, 16],
			"rotation": {"angle": 0, "axis": "y", "origin": [7.95, 7.72222, 7.8125]},
			"faces": {
				"north": {"uv": [10, 14, 11, 15], "texture": "#vine", "tintindex": 0 },
				"east": {"uv": [10, 14, 11, 15], "texture": "#vine", "tintindex": 0 },
				"south": {"uv": [10, 14, 11, 15], "texture": "#vine", "tintindex": 0 , "cullface": "south"},
				"up": {"uv": [10, 14, 11, 15], "texture": "#vine", "tintindex": 0 },
				"down": {"uv": [10, 14, 11, 15], "texture": "#vine", "tintindex": 0 }
			}
		},
		{
			"from": [2.0125, 0, 15.5],
			"to": [3.0125, 1, 16],
			"rotation": {"angle": 0, "axis": "y", "origin": [7.95, 7.72222, 7.8125]},
			"faces": {
				"north": {"uv": [13, 15, 14, 16], "texture": "#vine", "tintindex": 0 },
				"south": {"uv": [13, 15, 14, 16], "texture": "#vine", "tintindex": 0 , "cullface": "south"},
				"west": {"uv": [13, 15, 14, 16], "texture": "#vine", "tintindex": 0 },
				"up": {"uv": [13, 15, 14, 16], "texture": "#vine", "tintindex": 0 },
				"down": {"uv": [13, 15, 14, 16], "texture": "#vine", "tintindex": 0 , "cullface": "down"}
			}
		},
		{
			"from": [2.0125, 2, 15.5],
			"to": [3.0125, 3, 16],
			"rotation": {"angle": 0, "axis": "y", "origin": [7.95, 7.72222, 7.8125]},
			"faces": {
				"north": {"uv": [13, 13, 14, 14], "texture": "#vine", "tintindex": 0 },
				"south": {"uv": [13, 13, 14, 14], "texture": "#vine", "tintindex": 0 , "cullface": "south"},
				"up": {"uv": [13, 13, 14, 14], "texture": "#vine", "tintindex": 0 },
				"down": {"uv": [13, 13, 14, 14], "texture": "#vine", "tintindex": 0 }
			}
		},
		{
			"from": [0.0125, 1, 15.5],
			"to": [1.0125, 2, 16],
			"rotation": {"angle": 0, "axis": "y", "origin": [7.95, 7.72222, 7.8125]},
			"faces": {
				"north": {"uv": [15, 14, 16, 15], "texture": "#vine", "tintindex": 0 },
				"east": {"uv": [15, 14, 16, 15], "texture": "#vine", "tintindex": 0 },
				"south": {"uv": [15, 14, 16, 15], "texture": "#vine", "tintindex": 0 , "cullface": "south"},
				"down": {"uv": [15, 14, 16, 15], "texture": "#vine", "tintindex": 0 }
			}
		},
		{
			"from": [1.0125, 6, 15.5],
			"to": [2.0125, 7, 16],
			"rotation": {"angle": 0, "axis": "y", "origin": [7.95, 7.72222, 7.8125]},
			"faces": {
				"north": {"uv": [14, 9, 15, 10], "texture": "#vine", "tintindex": 0 },
				"south": {"uv": [14, 9, 15, 10], "texture": "#vine", "tintindex": 0 , "cullface": "south"},
				"west": {"uv": [14, 9, 15, 10], "texture": "#vine", "tintindex": 0 },
				"up": {"uv": [14, 9, 15, 10], "texture": "#vine", "tintindex": 0 },
				"down": {"uv": [14, 9, 15, 10], "texture": "#vine", "tintindex": 0 }
			}
		},
		{
			"from": [3.0125, 0, 15.5],
			"to": [5.0125, 4, 16],
			"rotation": {"angle": 0, "axis": "y", "origin": [7.95, 7.72222, 7.8125]},
			"faces": {
				"north": {"uv": [11, 12, 13, 16], "texture": "#vine", "tintindex": 0 },
				"east": {"uv": [11, 12, 12, 16], "texture": "#vine", "tintindex": 0 },
				"south": {"uv": [13, 12, 11, 16], "texture": "#vine", "tintindex": 0 , "cullface": "south"},
				"west": {"uv": [12, 12, 13, 16], "texture": "#vine", "tintindex": 0 },
				"up": {"uv": [11, 12, 13, 13], "rotation": 180, "texture": "#vine", "tintindex": 0 },
				"down": {"uv": [11, 15, 13, 16], "rotation": 180, "texture": "#vine", "tintindex": 0 , "cullface": "down"}
			}
		},
		{
			"from": [4.0125, 3, 15.5],
			"to": [6.0125, 7, 16],
			"rotation": {"angle": 0, "axis": "y", "origin": [7.95, 7.72222, 7.8125]},
			"faces": {
				"north": {"uv": [10, 9, 12, 13], "texture": "#vine", "tintindex": 0 },
				"east": {"uv": [10, 9, 11, 13], "texture": "#vine", "tintindex": 0 },
				"south": {"uv": [12, 9, 10, 13], "texture": "#vine", "tintindex": 0 , "cullface": "south"},
				"west": {"uv": [11, 9, 12, 13], "texture": "#vine", "tintindex": 0 },
				"up": {"uv": [10, 9, 12, 10], "rotation": 180, "texture": "#vine", "tintindex": 0 },
				"down": {"uv": [10, 12, 12, 13], "rotation": 180, "texture": "#vine", "tintindex": 0 }
			}
		},
		{
			"from": [7.0125, 9, 15.5],
			"to": [9.0125, 11, 16],
			"rotation": {"angle": 0, "axis": "y", "origin": [7.95, 7.72222, 7.8125]},
			"faces": {
				"north": {"uv": [7, 5, 9, 7], "texture": "#vine", "tintindex": 0 },
				"east": {"uv": [7, 5, 8, 7], "texture": "#vine", "tintindex": 0 },
				"south": {"uv": [9, 5, 7, 7], "texture": "#vine", "tintindex": 0 , "cullface": "south"},
				"west": {"uv": [8, 5, 9, 7], "texture": "#vine", "tintindex": 0 },
				"up": {"uv": [7, 5, 9, 6], "texture": "#vine", "tintindex": 0 },
				"down": {"uv": [7, 6, 9, 7], "texture": "#vine", "tintindex": 0 }
			}
		},
		{
			"from": [0.0125, 2, 15.5],
			"to": [2.0125, 4, 16],
			"rotation": {"angle": 0, "axis": "y", "origin": [7.95, 7.72222, 7.8125]},
			"faces": {
				"north": {"uv": [14, 12, 16, 14], "texture": "#vine", "tintindex": 0 },
				"east": {"uv": [14, 12, 15, 14], "texture": "#vine", "tintindex": 0 },
				"south": {"uv": [16, 12, 14, 14], "texture": "#vine", "tintindex": 0 , "cullface": "south"},
				"up": {"uv": [14, 12, 16, 13], "rotation": 180, "texture": "#vine", "tintindex": 0 },
				"down": {"uv": [14, 13, 16, 14], "rotation": 180, "texture": "#vine", "tintindex": 0 }
			}
		},
		{
			"from": [10.0125, 3, 15.5],
			"to": [12.0125, 10, 16],
			"rotation": {"angle": 0, "axis": "y", "origin": [7.95, 7.72222, 7.8125]},
			"faces": {
				"north": {"uv": [4, 6, 6, 13], "texture": "#vine", "tintindex": 0 },
				"east": {"uv": [4, 6, 5, 13], "texture": "#vine", "tintindex": 0 },
				"south": {"uv": [6, 6, 4, 13], "texture": "#vine", "tintindex": 0 , "cullface": "south"},
				"west": {"uv": [5, 6, 6, 13], "texture": "#vine", "tintindex": 0 },
				"up": {"uv": [4, 6, 6, 7], "texture": "#vine", "tintindex": 0 },
				"down": {"uv": [4, 12, 6, 13], "rotation": 180, "texture": "#vine", "tintindex": 0 }
			}
		},
		{
			"from": [9.0125, 2, 15.5],
			"to": [10.0125, 5, 16],
			"rotation": {"angle": 0, "axis": "y", "origin": [7.95, 7.72222, 7.8125]},
			"faces": {
				"north": {"uv": [6, 11, 7, 14], "texture": "#vine", "tintindex": 0 },
				"east": {"uv": [6, 11, 7, 14], "texture": "#vine", "tintindex": 0 },
				"south": {"uv": [6, 11, 7, 14], "texture": "#vine", "tintindex": 0 , "cullface": "south"},
				"west": {"uv": [6, 11, 7, 14], "texture": "#vine", "tintindex": 0 },
				"up": {"uv": [6, 11, 7, 12], "texture": "#vine", "tintindex": 0 },
				"down": {"uv": [6, 13, 7, 14], "texture": "#vine", "tintindex": 0 }
			}
		},
		{
			"from": [6.0125, 2, 15.5],
			"to": [7.0125, 5, 16],
			"rotation": {"angle": 0, "axis": "y", "origin": [7.95, 7.72222, 7.8125]},
			"faces": {
				"north": {"uv": [9, 11, 10, 14], "texture": "#vine", "tintindex": 0 },
				"east": {"uv": [9, 11, 10, 14], "texture": "#vine", "tintindex": 0 },
				"south": {"uv": [9, 11, 10, 14], "texture": "#vine", "tintindex": 0 , "cullface": "south"},
				"west": {"uv": [9, 11, 10, 14], "texture": "#vine", "tintindex": 0 },
				"up": {"uv": [9, 11, 10, 12], "texture": "#vine", "tintindex": 0 },
				"down": {"uv": [9, 13, 10, 14], "texture": "#vine", "tintindex": 0 }
			}
		},
		{
			"from": [9.0125, 7, 15.5],
			"to": [10.0125, 10, 16],
			"rotation": {"angle": 0, "axis": "y", "origin": [7.95, 7.72222, 7.8125]},
			"faces": {
				"north": {"uv": [6, 6, 7, 9], "texture": "#vine", "tintindex": 0 },
				"south": {"uv": [6, 6, 7, 9], "texture": "#vine", "tintindex": 0 , "cullface": "south"},
				"west": {"uv": [6, 6, 7, 9], "texture": "#vine", "tintindex": 0 },
				"up": {"uv": [6, 6, 7, 7], "texture": "#vine", "tintindex": 0 },
				"down": {"uv": [6, 8, 7, 9], "texture": "#vine", "tintindex": 0 }
			}
		},
		{
			"from": [11.0125, 9, 15.5],
			"to": [15.0125, 11, 16],
			"rotation": {"angle": 0, "axis": "y", "origin": [7.95, 7.72222, 7.8125]},
			"faces": {
				"north": {"uv": [1, 5, 5, 7], "texture": "#vine", "tintindex": 0 },
				"east": {"uv": [1, 5, 2, 7], "texture": "#vine", "tintindex": 0 },
				"south": {"uv": [5, 5, 1, 7], "texture": "#vine", "tintindex": 0 , "cullface": "south"},
				"west": {"uv": [4, 5, 5, 7], "texture": "#vine", "tintindex": 0 },
				"up": {"uv": [1, 5, 5, 6], "rotation": 180, "texture": "#vine", "tintindex": 0 },
				"down": {"uv": [1, 6, 5, 7], "rotation": 180, "texture": "#vine", "tintindex": 0 }
			}
		},
		{
			"from": [12.0125, 11, 15.5],
			"to": [14.0125, 15, 16],
			"rotation": {"angle": 0, "axis": "y", "origin": [7.95, 7.72222, 7.8125]},
			"faces": {
				"north": {"uv": [2, 1, 4, 5], "texture": "#vine", "tintindex": 0 },
				"east": {"uv": [2, 1, 3, 5], "texture": "#vine", "tintindex": 0 },
				"south": {"uv": [4, 1, 2, 5], "texture": "#vine", "tintindex": 0 , "cullface": "south"},
				"west": {"uv": [3, 1, 4, 5], "texture": "#vine", "tintindex": 0 },
				"up": {"uv": [2, 1, 4, 2], "rotation": 180, "texture": "#vine", "tintindex": 0 }
			}
		},
		{
			"from": [14.0125, 12, 15.5],
			"to": [15.0125, 15, 16],
			"rotation": {"angle": 0, "axis": "y", "origin": [7.95, 7.72222, 7.8125]},
			"faces": {
				"north": {"uv": [2, 1, 1, 4], "texture": "#vine", "tintindex": 0 },
				"east": {"uv": [2, 1, 1, 4], "texture": "#vine", "tintindex": 0 },
				"south": {"uv": [2, 1, 1, 4], "texture": "#vine", "tintindex": 0 , "cullface": "south"},
				"up": {"uv": [2, 1, 1, 2], "texture": "#vine", "tintindex": 0 },
				"down": {"uv": [2, 3, 1, 4], "texture": "#vine", "tintindex": 0 }
			}
		},
		{
			"from": [15.0125, 12, 15.5],
			"to": [16.0125, 14, 16],
			"rotation": {"angle": 0, "axis": "y", "origin": [7.95, 7.72222, 7.8125]},
			"faces": {
				"north": {"uv": [1, 2, 0, 4], "texture": "#vine", "tintindex": 0 },
				"east": {"uv": [1, 2, 0, 4], "texture": "#vine", "tintindex": 0 , "cullface": "east"},
				"south": {"uv": [1, 2, 0, 4], "texture": "#vine", "tintindex": 0 , "cullface": "south"},
				"up": {"uv": [1, 2, 0, 3], "texture": "#vine", "tintindex": 0 },
				"down": {"uv": [1, 3, 0, 4], "texture": "#vine", "tintindex": 0 }
			}
		},
		{
			"from": [12.0125, 8, 15.5],
			"to": [13.0125, 9, 16],
			"rotation": {"angle": 0, "axis": "y", "origin": [7.95, 7.72222, 7.8125]},
			"faces": {
				"north": {"uv": [3, 7, 4, 8], "texture": "#vine", "tintindex": 0 },
				"east": {"uv": [3, 7, 4, 8], "texture": "#vine", "tintindex": 0 },
				"south": {"uv": [3, 7, 4, 8], "texture": "#vine", "tintindex": 0 , "cullface": "south"},
				"down": {"uv": [3, 7, 4, 8], "texture": "#vine", "tintindex": 0 }
			}
		},
		{
			"from": [15.0125, 8, 15.5],
			"to": [16.0125, 10, 16],
			"rotation": {"angle": 0, "axis": "y", "origin": [7.95, 7.72222, 7.8125]},
			"faces": {
				"north": {"uv": [0, 6, 1, 8], "texture": "#vine", "tintindex": 0 },
				"east": {"uv": [0, 6, 1, 8], "texture": "#vine", "tintindex": 0 , "cullface": "east"},
				"south": {"uv": [0, 6, 1, 8], "texture": "#vine", "tintindex": 0 , "cullface": "south"},
				"west": {"uv": [0, 6, 1, 8], "texture": "#vine", "tintindex": 0 },
				"up": {"uv": [0, 6, 1, 7], "texture": "#vine", "tintindex": 0 },
				"down": {"uv": [0, 7, 1, 8], "texture": "#vine", "tintindex": 0 }
			}
		},
		{
			"from": [11.0125, 13, 15.5],
			"to": [13.0125, 16, 16],
			"rotation": {"angle": 0, "axis": "y", "origin": [7.95, 7.72222, 7.8125]},
			"faces": {
				"north": {"uv": [3, 0, 5, 3], "texture": "#vine", "tintindex": 0 },
				"east": {"uv": [3, 0, 4, 3], "texture": "#vine", "tintindex": 0 },
				"south": {"uv": [5, 0, 3, 3], "texture": "#vine", "tintindex": 0 , "cullface": "south"},
				"west": {"uv": [4, 0, 5, 3], "texture": "#vine", "tintindex": 0 },
				"up": {"uv": [3, 0, 5, 1], "rotation": 180, "texture": "#vine", "tintindex": 0 , "cullface": "up"},
				"down": {"uv": [3, 2, 5, 3], "rotation": 180, "texture": "#vine", "tintindex": 0 }
			}
		},
		{
			"from": [10.0125, 14, 15.5],
			"to": [11.0125, 15, 16],
			"rotation": {"angle": 0, "axis": "y", "origin": [7.95, 7.72222, 7.8125]},
			"faces": {
				"north": {"uv": [5, 1, 6, 2], "texture": "#vine", "tintindex": 0 },
				"south": {"uv": [5, 1, 6, 2], "texture": "#vine", "tintindex": 0 , "cullface": "south"},
				"west": {"uv": [5, 1, 6, 2], "texture": "#vine", "tintindex": 0 },
				"down": {"uv": [5, 1, 6, 2], "texture": "#vine", "tintindex": 0 }
			}
		},
		{
			"from": [6.0125, 14, 15.5],
			"to": [7.0125, 15, 16],
			"rotation": {"angle": 0, "axis": "y", "origin": [7.95, 7.72222, 7.8125]},
			"faces": {
				"north": {"uv": [9, 1, 10, 2], "texture": "#vine", "tintindex": 0 },
				"east": {"uv": [9, 1, 10, 2], "texture": "#vine", "tintindex": 0 },
				"south": {"uv": [9, 1, 10, 2], "texture": "#vine", "tintindex": 0 , "cullface": "south"},
				"west": {"uv": [9, 1, 10, 2], "texture": "#vine", "tintindex": 0 },
				"down": {"uv": [9, 1, 10, 2], "texture": "#vine", "tintindex": 0 }
			}
		},
		{
			"from": [6.0125, 15, 15.5],
			"to": [11.0125, 16, 16],
			"rotation": {"angle": 0, "axis": "y", "origin": [7.95, 7.72222, 7.8125]},
			"faces": {
				"north": {"uv": [5, 0, 10, 1], "texture": "#vine", "tintindex": 0 },
				"south": {"uv": [5, 0, 10, 1], "rotation": 180, "texture": "#vine", "tintindex": 0 , "cullface": "south"},
				"west": {"uv": [9, 0, 10, 1], "texture": "#vine", "tintindex": 0 },
				"up": {"uv": [5, 0, 10, 1], "rotation": 180, "texture": "#vine", "tintindex": 0 , "cullface": "up"},
				"down": {"uv": [5, 0, 10, 1], "rotation": 180, "texture": "#vine", "tintindex": 0 }
			}
		},
		{
			"from": [2.0125, 11, 15.5],
			"to": [5.0125, 16, 16],
			"rotation": {"angle": 0, "axis": "y", "origin": [7.95, 7.72222, 7.8125]},
			"faces": {
				"north": {"uv": [11, 0, 14, 5], "texture": "#vine", "tintindex": 0 },
				"east": {"uv": [11, 0, 12, 5], "texture": "#vine", "tintindex": 0 },
				"south": {"uv": [14, 0, 11, 5], "texture": "#vine", "tintindex": 0 , "cullface": "south"},
				"west": {"uv": [13, 0, 14, 5], "texture": "#vine", "tintindex": 0 },
				"up": {"uv": [11, 0, 14, 1], "rotation": 180, "texture": "#vine", "tintindex": 0 , "cullface": "up"},
				"down": {"uv": [11, 4, 14, 5], "texture": "#vine", "tintindex": 0 }
			}
		},
		{
			"from": [2.0125, 6, 15.5],
			"to": [5.0125, 10, 16],
			"rotation": {"angle": 0, "axis": "y", "origin": [7.95, 7.72222, 7.8125]},
			"faces": {
				"north": {"uv": [11, 6, 14, 10], "texture": "#vine", "tintindex": 0 },
				"east": {"uv": [11, 6, 12, 10], "texture": "#vine", "tintindex": 0 },
				"south": {"uv": [14, 6, 11, 10], "texture": "#vine", "tintindex": 0 , "cullface": "south"},
				"west": {"uv": [13, 6, 14, 10], "texture": "#vine", "tintindex": 0 },
				"up": {"uv": [11, 6, 14, 7], "rotation": 180, "texture": "#vine", "tintindex": 0 },
				"down": {"uv": [11, 9, 14, 10], "texture": "#vine", "tintindex": 0 }
			}
		},
		{
			"from": [1.0125, 14, 15.5],
			"to": [2.0125, 16, 16],
			"rotation": {"angle": 0, "axis": "y", "origin": [7.95, 7.72222, 7.8125]},
			"faces": {
				"north": {"uv": [14, 0, 15, 2], "texture": "#vine", "tintindex": 0 },
				"south": {"uv": [14, 0, 15, 2], "texture": "#vine", "tintindex": 0 , "cullface": "south"},
				"west": {"uv": [14, 0, 15, 2], "texture": "#vine", "tintindex": 0 },
				"up": {"uv": [14, 0, 15, 1], "texture": "#vine", "tintindex": 0 , "cullface": "up"},
				"down": {"uv": [14, 1, 15, 2], "texture": "#vine", "tintindex": 0 }
			}
		},
		{
			"from": [5.0125, 11, 15.5],
			"to": [6.0125, 14, 16],
			"rotation": {"angle": 0, "axis": "y", "origin": [7.95, 7.72222, 7.8125]},
			"faces": {
				"north": {"uv": [10, 2, 11, 5], "texture": "#vine", "tintindex": 0 },
				"east": {"uv": [10, 2, 11, 5], "texture": "#vine", "tintindex": 0 },
				"south": {"uv": [10, 2, 11, 5], "texture": "#vine", "tintindex": 0 , "cullface": "south"},
				"up": {"uv": [10, 2, 11, 3], "texture": "#vine", "tintindex": 0 },
				"down": {"uv": [10, 4, 11, 5], "texture": "#vine", "tintindex": 0 }
			}
		},
		{
			"from": [0.0125, 10, 15.5],
			"to": [4.0125, 11, 16],
			"rotation": {"angle": 0, "axis": "y", "origin": [7.95, 7.72222, 7.8125]},
			"faces": {
				"north": {"uv": [12, 5, 16, 6], "texture": "#vine", "tintindex": 0 },
				"east": {"uv": [12, 5, 13, 6], "texture": "#vine", "tintindex": 0 },
				"south": {"uv": [12, 5, 16, 6], "rotation": 180, "texture": "#vine", "tintindex": 0 , "cullface": "south"},
				"up": {"uv": [12, 5, 16, 6], "rotation": 180, "texture": "#vine", "tintindex": 0 },
				"down": {"uv": [12, 5, 16, 6], "rotation": 180, "texture": "#vine", "tintindex": 0 }
			}
		},
		{
			"from": [6.0125, 10, 15.5],
			"to": [7.0125, 13, 16],
			"rotation": {"angle": 0, "axis": "y", "origin": [7.95, 7.72222, 7.8125]},
			"faces": {
				"north": {"uv": [9, 3, 10, 6], "texture": "#vine", "tintindex": 0 },
				"east": {"uv": [9, 3, 10, 6], "texture": "#vine", "tintindex": 0 },
				"south": {"uv": [9, 3, 10, 6], "texture": "#vine", "tintindex": 0 , "cullface": "south"},
				"west": {"uv": [9, 3, 10, 6], "texture": "#vine", "tintindex": 0 },
				"up": {"uv": [9, 3, 10, 4], "texture": "#vine", "tintindex": 0 },
				"down": {"uv": [9, 5, 10, 6], "texture": "#vine", "tintindex": 0 }
			}
		},
		{
			"from": [11.0125, 0, 0],
			"to": [14.0125, 5, 0.5],
			"rotation": {"angle": 0, "axis": "y", "origin": [7.825, 7.72222, 7.9875]},
			"faces": {
				"north": {"uv": [2, 11, 5, 16], "texture": "#vine", "tintindex": 0 , "cullface": "north"},
				"east": {"uv": [2, 11, 3, 16], "texture": "#vine", "tintindex": 0 },
				"south": {"uv": [5, 11, 2, 16], "texture": "#vine", "tintindex": 0 },
				"west": {"uv": [4, 11, 5, 16], "texture": "#vine", "tintindex": 0 },
				"up": {"uv": [2, 11, 5, 12], "rotation": 180, "texture": "#vine", "tintindex": 0 },
				"down": {"uv": [2, 15, 5, 16], "texture": "#vine", "tintindex": 0 , "cullface": "down"}
			}
		},
		{
			"from": [14.0125, 1, 0],
			"to": [15.0125, 4, 0.5],
			"rotation": {"angle": 0, "axis": "y", "origin": [7.825, 7.72222, 7.9875]},
			"faces": {
				"north": {"uv": [1, 12, 2, 15], "texture": "#vine", "tintindex": 0 , "cullface": "north"},
				"east": {"uv": [1, 12, 2, 15], "texture": "#vine", "tintindex": 0 },
				"south": {"uv": [1, 12, 2, 15], "texture": "#vine", "tintindex": 0 },
				"up": {"uv": [1, 12, 2, 13], "texture": "#vine", "tintindex": 0 },
				"down": {"uv": [1, 14, 2, 15], "texture": "#vine", "tintindex": 0 }
			}
		},
		{
			"from": [9.0125, 0, 0],
			"to": [11.0125, 1, 0.5],
			"rotation": {"angle": 0, "axis": "y", "origin": [7.825, 7.72222, 7.9875]},
			"faces": {
				"north": {"uv": [5, 15, 7, 16], "texture": "#vine", "tintindex": 0 , "cullface": "north"},
				"south": {"uv": [5, 15, 7, 16], "rotation": 180, "texture": "#vine", "tintindex": 0 },
				"west": {"uv": [6, 15, 7, 16], "texture": "#vine", "tintindex": 0 },
				"up": {"uv": [5, 15, 7, 16], "rotation": 180, "texture": "#vine", "tintindex": 0 },
				"down": {"uv": [5, 15, 7, 16], "rotation": 180, "texture": "#vine", "tintindex": 0 , "cullface": "down"}
			}
		},
		{
			"from": [6.0125, 0, 0],
			"to": [8.0125, 1, 0.5],
			"rotation": {"angle": 0, "axis": "y", "origin": [7.825, 7.72222, 7.9875]},
			"faces": {
				"north": {"uv": [8, 15, 10, 16], "texture": "#vine", "tintindex": 0 , "cullface": "north"},
				"east": {"uv": [8, 15, 9, 16], "texture": "#vine", "tintindex": 0 },
				"south": {"uv": [8, 15, 10, 16], "rotation": 180, "texture": "#vine", "tintindex": 0 },
				"west": {"uv": [9, 15, 10, 16], "texture": "#vine", "tintindex": 0 },
				"up": {"uv": [8, 15, 10, 16], "rotation": 180, "texture": "#vine", "tintindex": 0 },
				"down": {"uv": [8, 15, 10, 16], "rotation": 180, "texture": "#vine", "tintindex": 0 , "cullface": "down"}
			}
		},
		{
			"from": [15.0125, 3, 0],
			"to": [16.0125, 4, 0.5],
			"rotation": {"angle": 0, "axis": "y", "origin": [7.825, 7.72222, 7.9875]},
			"faces": {
				"north": {"uv": [0, 12, 1, 13], "texture": "#vine", "tintindex": 0 , "cullface": "north"},
				"east": {"uv": [0, 12, 1, 13], "texture": "#vine", "tintindex": 0 , "cullface": "east"},
				"south": {"uv": [0, 12, 1, 13], "texture": "#vine", "tintindex": 0 },
				"up": {"uv": [0, 12, 1, 13], "texture": "#vine", "tintindex": 0 },
				"down": {"uv": [0, 12, 1, 13], "texture": "#vine", "tintindex": 0 }
			}
		},
		{
			"from": [7.0125, 8, 0],
			"to": [8.0125, 9, 0.5],
			"rotation": {"angle": 0, "axis": "y", "origin": [7.825, 7.72222, 7.9875]},
			"faces": {
				"north": {"uv": [8, 7, 9, 8], "texture": "#vine", "tintindex": 0 , "cullface": "north"},
				"east": {"uv": [8, 7, 9, 8], "texture": "#vine", "tintindex": 0 },
				"south": {"uv": [8, 7, 9, 8], "texture": "#vine", "tintindex": 0 },
				"west": {"uv": [8, 7, 9, 8], "texture": "#vine", "tintindex": 0 },
				"down": {"uv": [8, 7, 9, 8], "texture": "#vine", "tintindex": 0 }
			}
		},
		{
			"from": [5.0125, 8, 0],
			"to": [6.0125, 9, 0.5],
			"rotation": {"angle": 0, "axis": "y", "origin": [7.825, 7.72222, 7.9875]},
			"faces": {
				"north": {"uv": [10, 7, 11, 8], "texture": "#vine", "tintindex": 0 , "cullface": "north"},
				"east": {"uv": [10, 7, 11, 8], "texture": "#vine", "tintindex": 0 },
				"south": {"uv": [10, 7, 11, 8], "texture": "#vine", "tintindex": 0 },
				"up": {"uv": [10, 7, 11, 8], "texture": "#vine", "tintindex": 0 },
				"down": {"uv": [10, 7, 11, 8], "texture": "#vine", "tintindex": 0 }
			}
		},
		{
			"from": [5.0125, 1, 0],
			"to": [6.0125, 2, 0.5],
			"rotation": {"angle": 0, "axis": "y", "origin": [7.825, 7.72222, 7.9875]},
			"faces": {
				"north": {"uv": [10, 14, 11, 15], "texture": "#vine", "tintindex": 0 , "cullface": "north"},
				"east": {"uv": [10, 14, 11, 15], "texture": "#vine", "tintindex": 0 },
				"south": {"uv": [10, 14, 11, 15], "texture": "#vine", "tintindex": 0 },
				"up": {"uv": [10, 14, 11, 15], "texture": "#vine", "tintindex": 0 },
				"down": {"uv": [10, 14, 11, 15], "texture": "#vine", "tintindex": 0 }
			}
		},
		{
			"from": [2.0125, 0, 0],
			"to": [3.0125, 1, 0.5],
			"rotation": {"angle": 0, "axis": "y", "origin": [7.825, 7.72222, 7.9875]},
			"faces": {
				"north": {"uv": [13, 15, 14, 16], "texture": "#vine", "tintindex": 0 , "cullface": "north"},
				"south": {"uv": [13, 15, 14, 16], "texture": "#vine", "tintindex": 0 },
				"west": {"uv": [13, 15, 14, 16], "texture": "#vine", "tintindex": 0 },
				"up": {"uv": [13, 15, 14, 16], "texture": "#vine", "tintindex": 0 },
				"down": {"uv": [13, 15, 14, 16], "texture": "#vine", "tintindex": 0 , "cullface": "down"}
			}
		},
		{
			"from": [2.0125, 2, 0],
			"to": [3.0125, 3, 0.5],
			"rotation": {"angle": 0, "axis": "y", "origin": [7.825, 7.72222, 7.9875]},
			"faces": {
				"north": {"uv": [13, 13, 14, 14], "texture": "#vine", "tintindex": 0 , "cullface": "north"},
				"south": {"uv": [13, 13, 14, 14], "texture": "#vine", "tintindex": 0 },
				"up": {"uv": [13, 13, 14, 14], "texture": "#vine", "tintindex": 0 },
				"down": {"uv": [13, 13, 14, 14], "texture": "#vine", "tintindex": 0 }
			}
		},
		{
			"from": [0.0125, 1, 0],
			"to": [1.0125, 2, 0.5],
			"rotation": {"angle": 0, "axis": "y", "origin": [7.825, 7.72222, 7.9875]},
			"faces": {
				"north": {"uv": [15, 14, 16, 15], "texture": "#vine", "tintindex": 0 , "cullface": "north"},
				"east": {"uv": [15, 14, 16, 15], "texture": "#vine", "tintindex": 0 },
				"south": {"uv": [15, 14, 16, 15], "texture": "#vine", "tintindex": 0 },
				"west": {"uv": [15, 14, 16, 15], "texture": "#vine", "tintindex": 0 },
				"down": {"uv": [15, 14, 16, 15], "texture": "#vine", "tintindex": 0 }
			}
		},
		{
			"from": [1.0125, 6, 0],
			"to": [2.0125, 7, 0.5],
			"rotation": {"angle": 0, "axis": "y", "origin": [7.825, 7.72222, 7.9875]},
			"faces": {
				"north": {"uv": [14, 9, 15, 10], "texture": "#vine", "tintindex": 0 , "cullface": "north"},
				"south": {"uv": [14, 9, 15, 10], "texture": "#vine", "tintindex": 0 },
				"west": {"uv": [14, 9, 15, 10], "texture": "#vine", "tintindex": 0 },
				"up": {"uv": [14, 9, 15, 10], "texture": "#vine", "tintindex": 0 },
				"down": {"uv": [14, 9, 15, 10], "texture": "#vine", "tintindex": 0 }
			}
		},
		{
			"from": [3.0125, 0, 0],
			"to": [5.0125, 4, 0.5],
			"rotation": {"angle": 0, "axis": "y", "origin": [7.825, 7.72222, 7.9875]},
			"faces": {
				"north": {"uv": [11, 12, 13, 16], "texture": "#vine", "tintindex": 0 , "cullface": "north"},
				"east": {"uv": [11, 12, 12, 16], "texture": "#vine", "tintindex": 0 },
				"south": {"uv": [13, 12, 11, 16], "texture": "#vine", "tintindex": 0 },
				"west": {"uv": [12, 12, 13, 16], "texture": "#vine", "tintindex": 0 },
				"up": {"uv": [11, 12, 13, 13], "rotation": 180, "texture": "#vine", "tintindex": 0 },
				"down": {"uv": [11, 15, 13, 16], "rotation": 180, "texture": "#vine", "tintindex": 0 , "cullface": "down"}
			}
		},
		{
			"from": [4.0125, 3, 0],
			"to": [6.0125, 7, 0.5],
			"rotation": {"angle": 0, "axis": "y", "origin": [7.825, 7.72222, 7.9875]},
			"faces": {
				"north": {"uv": [10, 9, 12, 13], "texture": "#vine", "tintindex": 0 , "cullface": "north"},
				"east": {"uv": [10, 9, 11, 13], "texture": "#vine", "tintindex": 0 },
				"south": {"uv": [12, 9, 10, 13], "texture": "#vine", "tintindex": 0 },
				"west": {"uv": [11, 9, 12, 13], "texture": "#vine", "tintindex": 0 },
				"up": {"uv": [10, 9, 12, 10], "rotation": 180, "texture": "#vine", "tintindex": 0 },
				"down": {"uv": [10, 12, 12, 13], "rotation": 180, "texture": "#vine", "tintindex": 0 }
			}
		},
		{
			"from": [7.0125, 9, 0],
			"to": [9.0125, 11, 0.5],
			"rotation": {"angle": 0, "axis": "y", "origin": [7.825, 7.72222, 7.9875]},
			"faces": {
				"north": {"uv": [7, 5, 9, 7], "texture": "#vine", "tintindex": 0 , "cullface": "north"},
				"east": {"uv": [7, 5, 8, 7], "texture": "#vine", "tintindex": 0 },
				"south": {"uv": [9, 5, 7, 7], "texture": "#vine", "tintindex": 0 },
				"west": {"uv": [8, 5, 9, 7], "texture": "#vine", "tintindex": 0 },
				"up": {"uv": [7, 5, 9, 6], "texture": "#vine", "tintindex": 0 },
				"down": {"uv": [7, 6, 9, 7], "texture": "#vine", "tintindex": 0 }
			}
		},
		{
			"from": [0.0125, 2, 0],
			"to": [2.0125, 4, 0.5],
			"rotation": {"angle": 0, "axis": "y", "origin": [7.825, 7.72222, 7.9875]},
			"faces": {
				"north": {"uv": [14, 12, 16, 14], "texture": "#vine", "tintindex": 0 , "cullface": "north"},
				"east": {"uv": [14, 12, 15, 14], "texture": "#vine", "tintindex": 0 },
				"south": {"uv": [16, 12, 14, 14], "texture": "#vine", "tintindex": 0 },
				"west": {"uv": [15, 12, 16, 14], "texture": "#vine", "tintindex": 0 },
				"up": {"uv": [14, 12, 16, 13], "rotation": 180, "texture": "#vine", "tintindex": 0 },
				"down": {"uv": [14, 13, 16, 14], "rotation": 180, "texture": "#vine", "tintindex": 0 }
			}
		},
		{
			"from": [10.0125, 3, 0],
			"to": [12.0125, 10, 0.5],
			"rotation": {"angle": 0, "axis": "y", "origin": [7.825, 7.72222, 7.9875]},
			"faces": {
				"north": {"uv": [4, 6, 6, 13], "texture": "#vine", "tintindex": 0 , "cullface": "north"},
				"east": {"uv": [4, 6, 5, 13], "texture": "#vine", "tintindex": 0 },
				"south": {"uv": [6, 6, 4, 13], "texture": "#vine", "tintindex": 0 },
				"west": {"uv": [5, 6, 6, 13], "texture": "#vine", "tintindex": 0 },
				"up": {"uv": [4, 6, 6, 7], "texture": "#vine", "tintindex": 0 },
				"down": {"uv": [4, 12, 6, 13], "rotation": 180, "texture": "#vine", "tintindex": 0 }
			}
		},
		{
			"from": [9.0125, 2, 0],
			"to": [10.0125, 5, 0.5],
			"rotation": {"angle": 0, "axis": "y", "origin": [7.825, 7.72222, 7.9875]},
			"faces": {
				"north": {"uv": [6, 11, 7, 14], "texture": "#vine", "tintindex": 0 , "cullface": "north"},
				"east": {"uv": [6, 11, 7, 14], "texture": "#vine", "tintindex": 0 },
				"south": {"uv": [6, 11, 7, 14], "texture": "#vine", "tintindex": 0 },
				"west": {"uv": [6, 11, 7, 14], "texture": "#vine", "tintindex": 0 },
				"up": {"uv": [6, 11, 7, 12], "texture": "#vine", "tintindex": 0 },
				"down": {"uv": [6, 13, 7, 14], "texture": "#vine", "tintindex": 0 }
			}
		},
		{
			"from": [6.0125, 2, 0],
			"to": [7.0125, 5, 0.5],
			"rotation": {"angle": 0, "axis": "y", "origin": [7.825, 7.72222, 7.9875]},
			"faces": {
				"north": {"uv": [9, 11, 10, 14], "texture": "#vine", "tintindex": 0 , "cullface": "north"},
				"east": {"uv": [9, 11, 10, 14], "texture": "#vine", "tintindex": 0 },
				"south": {"uv": [9, 11, 10, 14], "texture": "#vine", "tintindex": 0 },
				"west": {"uv": [9, 11, 10, 14], "texture": "#vine", "tintindex": 0 },
				"up": {"uv": [9, 11, 10, 12], "texture": "#vine", "tintindex": 0 },
				"down": {"uv": [9, 13, 10, 14], "texture": "#vine", "tintindex": 0 }
			}
		},
		{
			"from": [9.0125, 7, 0],
			"to": [10.0125, 10, 0.5],
			"rotation": {"angle": 0, "axis": "y", "origin": [7.825, 7.72222, 7.9875]},
			"faces": {
				"north": {"uv": [6, 6, 7, 9], "texture": "#vine", "tintindex": 0 , "cullface": "north"},
				"south": {"uv": [6, 6, 7, 9], "texture": "#vine", "tintindex": 0 },
				"west": {"uv": [6, 6, 7, 9], "texture": "#vine", "tintindex": 0 },
				"up": {"uv": [6, 6, 7, 7], "texture": "#vine", "tintindex": 0 },
				"down": {"uv": [6, 8, 7, 9], "texture": "#vine", "tintindex": 0 }
			}
		},
		{
			"from": [11.0125, 9, 0],
			"to": [15.0125, 11, 0.5],
			"rotation": {"angle": 0, "axis": "y", "origin": [7.825, 7.72222, 7.9875]},
			"faces": {
				"north": {"uv": [1, 5, 5, 7], "texture": "#vine", "tintindex": 0 , "cullface": "north"},
				"east": {"uv": [1, 5, 2, 7], "texture": "#vine", "tintindex": 0 },
				"south": {"uv": [5, 5, 1, 7], "texture": "#vine", "tintindex": 0 },
				"west": {"uv": [4, 5, 5, 7], "texture": "#vine", "tintindex": 0 },
				"up": {"uv": [1, 5, 5, 6], "rotation": 180, "texture": "#vine", "tintindex": 0 },
				"down": {"uv": [1, 6, 5, 7], "rotation": 180, "texture": "#vine", "tintindex": 0 }
			}
		},
		{
			"from": [12.0125, 11, 0],
			"to": [14.0125, 15, 0.5],
			"rotation": {"angle": 0, "axis": "y", "origin": [7.825, 7.72222, 7.9875]},
			"faces": {
				"north": {"uv": [2, 1, 4, 5], "texture": "#vine", "tintindex": 0 , "cullface": "north"},
				"east": {"uv": [2, 1, 3, 5], "texture": "#vine", "tintindex": 0 },
				"south": {"uv": [4, 1, 2, 5], "texture": "#vine", "tintindex": 0 },
				"west": {"uv": [3, 1, 4, 5], "texture": "#vine", "tintindex": 0 },
				"up": {"uv": [2, 1, 4, 2], "rotation": 180, "texture": "#vine", "tintindex": 0 }
			}
		},
		{
			"from": [14.0125, 12, 0],
			"to": [15.0125, 15, 0.5],
			"rotation": {"angle": 0, "axis": "y", "origin": [7.825, 7.72222, 7.9875]},
			"faces": {
				"north": {"uv": [2, 1, 1, 4], "texture": "#vine", "tintindex": 0 , "cullface": "north"},
				"east": {"uv": [2, 1, 1, 4], "texture": "#vine", "tintindex": 0 },
				"south": {"uv": [2, 1, 1, 4], "texture": "#vine", "tintindex": 0 },
				"up": {"uv": [2, 1, 1, 2], "texture": "#vine", "tintindex": 0 },
				"down": {"uv": [2, 3, 1, 4], "texture": "#vine", "tintindex": 0 }
			}
		},
		{
			"from": [15.0125, 12, 0],
			"to": [16.0125, 14, 0.5],
			"rotation": {"angle": 0, "axis": "y", "origin": [7.825, 7.72222, 7.9875]},
			"faces": {
				"north": {"uv": [1, 2, 0, 4], "texture": "#vine", "tintindex": 0 , "cullface": "north"},
				"east": {"uv": [1, 2, 0, 4], "texture": "#vine", "tintindex": 0 , "cullface": "east"},
				"south": {"uv": [1, 2, 0, 4], "texture": "#vine", "tintindex": 0 },
				"up": {"uv": [1, 2, 0, 3], "texture": "#vine", "tintindex": 0 },
				"down": {"uv": [1, 3, 0, 4], "texture": "#vine", "tintindex": 0 }
			}
		},
		{
			"from": [12.0125, 8, 0],
			"to": [13.0125, 9, 0.5],
			"rotation": {"angle": 0, "axis": "y", "origin": [7.825, 7.72222, 7.9875]},
			"faces": {
				"north": {"uv": [3, 7, 4, 8], "texture": "#vine", "tintindex": 0 , "cullface": "north"},
				"east": {"uv": [3, 7, 4, 8], "texture": "#vine", "tintindex": 0 },
				"south": {"uv": [3, 7, 4, 8], "texture": "#vine", "tintindex": 0 },
				"down": {"uv": [3, 7, 4, 8], "texture": "#vine", "tintindex": 0 }
			}
		},
		{
			"from": [15.0125, 8, 0],
			"to": [16.0125, 10, 0.5],
			"rotation": {"angle": 0, "axis": "y", "origin": [7.825, 7.72222, 7.9875]},
			"faces": {
				"north": {"uv": [0, 6, 1, 8], "texture": "#vine", "tintindex": 0 , "cullface": "north"},
				"east": {"uv": [0, 6, 1, 8], "texture": "#vine", "tintindex": 0 , "cullface": "east"},
				"south": {"uv": [0, 6, 1, 8], "texture": "#vine", "tintindex": 0 },
				"west": {"uv": [0, 6, 1, 8], "texture": "#vine", "tintindex": 0 },
				"up": {"uv": [0, 6, 1, 7], "texture": "#vine", "tintindex": 0 },
				"down": {"uv": [0, 7, 1, 8], "texture": "#vine", "tintindex": 0 }
			}
		},
		{
			"from": [11.0125, 13, 0],
			"to": [13.0125, 16, 0.5],
			"rotation": {"angle": 0, "axis": "y", "origin": [7.825, 7.72222, 7.9875]},
			"faces": {
				"north": {"uv": [3, 0, 5, 3], "texture": "#vine", "tintindex": 0 , "cullface": "north"},
				"east": {"uv": [3, 0, 4, 3], "texture": "#vine", "tintindex": 0 },
				"south": {"uv": [5, 0, 3, 3], "texture": "#vine", "tintindex": 0 },
				"west": {"uv": [4, 0, 5, 3], "texture": "#vine", "tintindex": 0 },
				"up": {"uv": [3, 0, 5, 1], "rotation": 180, "texture": "#vine", "tintindex": 0 , "cullface": "up"},
				"down": {"uv": [3, 2, 5, 3], "rotation": 180, "texture": "#vine", "tintindex": 0 }
			}
		},
		{
			"from": [10.0125, 14, 0],
			"to": [11.0125, 15, 0.5],
			"rotation": {"angle": 0, "axis": "y", "origin": [7.825, 7.72222, 7.9875]},
			"faces": {
				"north": {"uv": [5, 1, 6, 2], "texture": "#vine", "tintindex": 0 , "cullface": "north"},
				"south": {"uv": [5, 1, 6, 2], "texture": "#vine", "tintindex": 0 },
				"west": {"uv": [5, 1, 6, 2], "texture": "#vine", "tintindex": 0 },
				"down": {"uv": [5, 1, 6, 2], "texture": "#vine", "tintindex": 0 }
			}
		},
		{
			"from": [6.0125, 14, 0],
			"to": [7.0125, 15, 0.5],
			"rotation": {"angle": 0, "axis": "y", "origin": [7.825, 7.72222, 7.9875]},
			"faces": {
				"north": {"uv": [9, 1, 10, 2], "texture": "#vine", "tintindex": 0 , "cullface": "north"},
				"east": {"uv": [9, 1, 10, 2], "texture": "#vine", "tintindex": 0 },
				"south": {"uv": [9, 1, 10, 2], "texture": "#vine", "tintindex": 0 },
				"west": {"uv": [9, 1, 10, 2], "texture": "#vine", "tintindex": 0 },
				"down": {"uv": [9, 1, 10, 2], "texture": "#vine", "tintindex": 0 }
			}
		},
		{
			"from": [6.0125, 15, 0],
			"to": [11.0125, 16, 0.5],
			"rotation": {"angle": 0, "axis": "y", "origin": [7.825, 7.72222, 7.9875]},
			"faces": {
				"north": {"uv": [5, 0, 10, 1], "texture": "#vine", "tintindex": 0 , "cullface": "north"},
				"south": {"uv": [5, 0, 10, 1], "rotation": 180, "texture": "#vine", "tintindex": 0 },
				"west": {"uv": [9, 0, 10, 1], "texture": "#vine", "tintindex": 0 },
				"up": {"uv": [5, 0, 10, 1], "rotation": 180, "texture": "#vine", "tintindex": 0 , "cullface": "up"},
				"down": {"uv": [5, 0, 10, 1], "rotation": 180, "texture": "#vine", "tintindex": 0 }
			}
		},
		{
			"from": [2.0125, 11, 0],
			"to": [5.0125, 16, 0.5],
			"rotation": {"angle": 0, "axis": "y", "origin": [7.825, 7.72222, 7.9875]},
			"faces": {
				"north": {"uv": [11, 0, 14, 5], "texture": "#vine", "tintindex": 0 , "cullface": "north"},
				"east": {"uv": [11, 0, 12, 5], "texture": "#vine", "tintindex": 0 },
				"south": {"uv": [14, 0, 11, 5], "texture": "#vine", "tintindex": 0 },
				"west": {"uv": [13, 0, 14, 5], "texture": "#vine", "tintindex": 0 },
				"up": {"uv": [11, 0, 14, 1], "rotation": 180, "texture": "#vine", "tintindex": 0 , "cullface": "up"},
				"down": {"uv": [11, 4, 14, 5], "texture": "#vine", "tintindex": 0 }
			}
		},
		{
			"from": [2.0125, 6, 0],
			"to": [5.0125, 10, 0.5],
			"rotation": {"angle": 0, "axis": "y", "origin": [7.825, 7.72222, 7.9875]},
			"faces": {
				"north": {"uv": [11, 6, 14, 10], "texture": "#vine", "tintindex": 0 , "cullface": "north"},
				"east": {"uv": [11, 6, 12, 10], "texture": "#vine", "tintindex": 0 },
				"south": {"uv": [14, 6, 11, 10], "texture": "#vine", "tintindex": 0 },
				"west": {"uv": [13, 6, 14, 10], "texture": "#vine", "tintindex": 0 },
				"up": {"uv": [11, 6, 14, 7], "rotation": 180, "texture": "#vine", "tintindex": 0 },
				"down": {"uv": [11, 9, 14, 10], "texture": "#vine", "tintindex": 0 }
			}
		},
		{
			"from": [1.0125, 14, 0],
			"to": [2.0125, 16, 0.5],
			"rotation": {"angle": 0, "axis": "y", "origin": [7.825, 7.72222, 7.9875]},
			"faces": {
				"north": {"uv": [14, 0, 15, 2], "texture": "#vine", "tintindex": 0 , "cullface": "north"},
				"south": {"uv": [14, 0, 15, 2], "texture": "#vine", "tintindex": 0 },
				"west": {"uv": [14, 0, 15, 2], "texture": "#vine", "tintindex": 0 },
				"up": {"uv": [14, 0, 15, 1], "texture": "#vine", "tintindex": 0 , "cullface": "up"},
				"down": {"uv": [14, 1, 15, 2], "texture": "#vine", "tintindex": 0 }
			}
		},
		{
			"from": [5.0125, 11, 0],
			"to": [6.0125, 14, 0.5],
			"rotation": {"angle": 0, "axis": "y", "origin": [7.825, 7.72222, 7.9875]},
			"faces": {
				"north": {"uv": [10, 2, 11, 5], "texture": "#vine", "tintindex": 0 , "cullface": "north"},
				"east": {"uv": [10, 2, 11, 5], "texture": "#vine", "tintindex": 0 },
				"south": {"uv": [10, 2, 11, 5], "texture": "#vine", "tintindex": 0 },
				"up": {"uv": [10, 2, 11, 3], "texture": "#vine", "tintindex": 0 },
				"down": {"uv": [10, 4, 11, 5], "texture": "#vine", "tintindex": 0 }
			}
		},
		{
			"from": [0.0125, 10, 0],
			"to": [4.0125, 11, 0.5],
			"rotation": {"angle": 0, "axis": "y", "origin": [7.825, 7.72222, 7.9875]},
			"faces": {
				"north": {"uv": [12, 5, 16, 6], "texture": "#vine", "tintindex": 0 , "cullface": "north"},
				"east": {"uv": [12, 5, 13, 6], "texture": "#vine", "tintindex": 0 },
				"south": {"uv": [12, 5, 16, 6], "rotation": 180, "texture": "#vine", "tintindex": 0 },
				"west": {"uv": [15, 5, 16, 6], "texture": "#vine", "tintindex": 0 },
				"up": {"uv": [12, 5, 16, 6], "rotation": 180, "texture": "#vine", "tintindex": 0 },
				"down": {"uv": [12, 5, 16, 6], "rotation": 180, "texture": "#vine", "tintindex": 0 }
			}
		},
		{
			"from": [6.0125, 10, 0],
			"to": [7.0125, 13, 0.5],
			"rotation": {"angle": 0, "axis": "y", "origin": [7.825, 7.72222, 7.9875]},
			"faces": {
				"north": {"uv": [9, 3, 10, 6], "texture": "#vine", "tintindex": 0 , "cullface": "north"},
				"east": {"uv": [9, 3, 10, 6], "texture": "#vine", "tintindex": 0 },
				"south": {"uv": [9, 3, 10, 6], "texture": "#vine", "tintindex": 0 },
				"west": {"uv": [9, 3, 10, 6], "texture": "#vine", "tintindex": 0 },
				"up": {"uv": [9, 3, 10, 4], "texture": "#vine", "tintindex": 0 },
				"down": {"uv": [9, 5, 10, 6], "texture": "#vine", "tintindex": 0 }
			}
		},
		{
			"from": [15.5, 0, 11],
			"to": [16, 5, 14],
			"rotation": {"angle": 0, "axis": "y", "origin": [8, 7.72222, 7.8125]},
			"faces": {
				"north": {"uv": [4, 11, 5, 16], "texture": "#vine", "tintindex": 0 },
				"east": {"uv": [2, 11, 5, 16], "texture": "#vine", "tintindex": 0 , "cullface": "east"},
				"south": {"uv": [2, 11, 3, 16], "texture": "#vine", "tintindex": 0 },
				"west": {"uv": [5, 11, 2, 16], "texture": "#vine", "tintindex": 0 },
				"up": {"uv": [2, 11, 5, 12], "rotation": 270, "texture": "#vine", "tintindex": 0 },
				"down": {"uv": [2, 15, 5, 16], "rotation": 270, "texture": "#vine", "tintindex": 0 , "cullface": "down"}
			}
		},
		{
			"from": [15.5, 1, 14],
			"to": [16, 4, 15],
			"rotation": {"angle": 0, "axis": "y", "origin": [8, 7.72222, 7.8125]},
			"faces": {
				"east": {"uv": [1, 12, 2, 15], "texture": "#vine", "tintindex": 0 , "cullface": "east"},
				"south": {"uv": [1, 12, 2, 15], "texture": "#vine", "tintindex": 0 },
				"west": {"uv": [1, 12, 2, 15], "texture": "#vine", "tintindex": 0 },
				"up": {"uv": [1, 12, 2, 13], "rotation": 90, "texture": "#vine", "tintindex": 0 },
				"down": {"uv": [1, 14, 2, 15], "rotation": 270, "texture": "#vine", "tintindex": 0 }
			}
		},
		{
			"from": [15.5, 0, 9],
			"to": [16, 1, 11],
			"rotation": {"angle": 0, "axis": "y", "origin": [8, 7.72222, 7.8125]},
			"faces": {
				"north": {"uv": [6, 15, 7, 16], "texture": "#vine", "tintindex": 0 },
				"east": {"uv": [5, 15, 7, 16], "texture": "#vine", "tintindex": 0 , "cullface": "east"},
				"west": {"uv": [5, 15, 7, 16], "rotation": 180, "texture": "#vine", "tintindex": 0 },
				"up": {"uv": [5, 15, 7, 16], "rotation": 270, "texture": "#vine", "tintindex": 0 },
				"down": {"uv": [5, 15, 7, 16], "rotation": 90, "texture": "#vine", "tintindex": 0 , "cullface": "down"}
			}
		},
		{
			"from": [15.5, 0, 6],
			"to": [16, 1, 8],
			"rotation": {"angle": 0, "axis": "y", "origin": [8, 7.72222, 7.8125]},
			"faces": {
				"north": {"uv": [9, 15, 10, 16], "texture": "#vine", "tintindex": 0 },
				"east": {"uv": [8, 15, 10, 16], "texture": "#vine", "tintindex": 0 , "cullface": "east"},
				"south": {"uv": [8, 15, 9, 16], "texture": "#vine", "tintindex": 0 },
				"west": {"uv": [8, 15, 10, 16], "rotation": 180, "texture": "#vine", "tintindex": 0 },
				"up": {"uv": [8, 15, 10, 16], "rotation": 270, "texture": "#vine", "tintindex": 0 },
				"down": {"uv": [8, 15, 10, 16], "rotation": 90, "texture": "#vine", "tintindex": 0 , "cullface": "down"}
			}
		},
		{
			"from": [15.5, 3, 15],
			"to": [16, 4, 16],
			"rotation": {"angle": 0, "axis": "y", "origin": [8, 7.72222, 7.8125]},
			"faces": {
				"east": {"uv": [0, 12, 1, 13], "texture": "#vine", "tintindex": 0 , "cullface": "east"},
				"west": {"uv": [0, 12, 1, 13], "texture": "#vine", "tintindex": 0 },
				"up": {"uv": [0, 12, 1, 13], "rotation": 90, "texture": "#vine", "tintindex": 0 },
				"down": {"uv": [0, 12, 1, 13], "rotation": 270, "texture": "#vine", "tintindex": 0 }
			}
		},
		{
			"from": [15.5, 8, 7],
			"to": [16, 9, 8],
			"rotation": {"angle": 0, "axis": "y", "origin": [8, 7.72222, 7.8125]},
			"faces": {
				"north": {"uv": [8, 7, 9, 8], "texture": "#vine", "tintindex": 0 },
				"east": {"uv": [8, 7, 9, 8], "texture": "#vine", "tintindex": 0 , "cullface": "east"},
				"south": {"uv": [8, 7, 9, 8], "texture": "#vine", "tintindex": 0 },
				"west": {"uv": [8, 7, 9, 8], "texture": "#vine", "tintindex": 0 },
				"down": {"uv": [8, 7, 9, 8], "rotation": 270, "texture": "#vine", "tintindex": 0 }
			}
		},
		{
			"from": [15.5, 8, 5],
			"to": [16, 9, 6],
			"rotation": {"angle": 0, "axis": "y", "origin": [8, 7.72222, 7.8125]},
			"faces": {
				"east": {"uv": [10, 7, 11, 8], "texture": "#vine", "tintindex": 0 , "cullface": "east"},
				"south": {"uv": [10, 7, 11, 8], "texture": "#vine", "tintindex": 0 },
				"west": {"uv": [10, 7, 11, 8], "texture": "#vine", "tintindex": 0 },
				"up": {"uv": [10, 7, 11, 8], "rotation": 90, "texture": "#vine", "tintindex": 0 },
				"down": {"uv": [10, 7, 11, 8], "rotation": 270, "texture": "#vine", "tintindex": 0 }
			}
		},
		{
			"from": [15.5, 1, 5],
			"to": [16, 2, 6],
			"rotation": {"angle": 0, "axis": "y", "origin": [8, 7.72222, 7.8125]},
			"faces": {
				"east": {"uv": [10, 14, 11, 15], "texture": "#vine", "tintindex": 0 , "cullface": "east"},
				"south": {"uv": [10, 14, 11, 15], "texture": "#vine", "tintindex": 0 },
				"west": {"uv": [10, 14, 11, 15], "texture": "#vine", "tintindex": 0 },
				"up": {"uv": [10, 14, 11, 15], "rotation": 90, "texture": "#vine", "tintindex": 0 },
				"down": {"uv": [10, 14, 11, 15], "rotation": 270, "texture": "#vine", "tintindex": 0 }
			}
		},
		{
			"from": [15.5, 0, 2],
			"to": [16, 1, 3],
			"rotation": {"angle": 0, "axis": "y", "origin": [8, 7.72222, 7.8125]},
			"faces": {
				"north": {"uv": [13, 15, 14, 16], "texture": "#vine", "tintindex": 0 },
				"east": {"uv": [13, 15, 14, 16], "texture": "#vine", "tintindex": 0 , "cullface": "east"},
				"west": {"uv": [13, 15, 14, 16], "texture": "#vine", "tintindex": 0 },
				"up": {"uv": [13, 15, 14, 16], "rotation": 90, "texture": "#vine", "tintindex": 0 },
				"down": {"uv": [13, 15, 14, 16], "rotation": 270, "texture": "#vine", "tintindex": 0 , "cullface": "down"}
			}
		},
		{
			"from": [15.5, 2, 2],
			"to": [16, 3, 3],
			"rotation": {"angle": 0, "axis": "y", "origin": [8, 7.72222, 7.8125]},
			"faces": {
				"east": {"uv": [13, 13, 14, 14], "texture": "#vine", "tintindex": 0 , "cullface": "east"},
				"west": {"uv": [13, 13, 14, 14], "texture": "#vine", "tintindex": 0 },
				"up": {"uv": [13, 13, 14, 14], "rotation": 90, "texture": "#vine", "tintindex": 0 },
				"down": {"uv": [13, 13, 14, 14], "rotation": 270, "texture": "#vine", "tintindex": 0 }
			}
		},
		{
			"from": [15.5, 1, 0],
			"to": [16, 2, 1],
			"rotation": {"angle": 0, "axis": "y", "origin": [8, 7.72222, 7.8125]},
			"faces": {
				"north": {"uv": [15, 14, 16, 15], "texture": "#vine", "tintindex": 0 , "cullface": "north"},
				"east": {"uv": [15, 14, 16, 15], "texture": "#vine", "tintindex": 0 , "cullface": "east"},
				"south": {"uv": [15, 14, 16, 15], "texture": "#vine", "tintindex": 0 },
				"west": {"uv": [15, 14, 16, 15], "texture": "#vine", "tintindex": 0 },
				"down": {"uv": [15, 14, 16, 15], "rotation": 270, "texture": "#vine", "tintindex": 0 }
			}
		},
		{
			"from": [15.5, 6, 1],
			"to": [16, 7, 2],
			"rotation": {"angle": 0, "axis": "y", "origin": [8, 7.72222, 7.8125]},
			"faces": {
				"north": {"uv": [14, 9, 15, 10], "texture": "#vine", "tintindex": 0 },
				"east": {"uv": [14, 9, 15, 10], "texture": "#vine", "tintindex": 0 , "cullface": "east"},
				"west": {"uv": [14, 9, 15, 10], "texture": "#vine", "tintindex": 0 },
				"up": {"uv": [14, 9, 15, 10], "rotation": 90, "texture": "#vine", "tintindex": 0 },
				"down": {"uv": [14, 9, 15, 10], "rotation": 270, "texture": "#vine", "tintindex": 0 }
			}
		},
		{
			"from": [15.5, 0, 3],
			"to": [16, 4, 5],
			"rotation": {"angle": 0, "axis": "y", "origin": [8, 7.72222, 7.8125]},
			"faces": {
				"north": {"uv": [12, 12, 13, 16], "texture": "#vine", "tintindex": 0 },
				"east": {"uv": [11, 12, 13, 16], "texture": "#vine", "tintindex": 0 , "cullface": "east"},
				"south": {"uv": [11, 12, 12, 16], "texture": "#vine", "tintindex": 0 },
				"west": {"uv": [13, 12, 11, 16], "texture": "#vine", "tintindex": 0 },
				"up": {"uv": [11, 12, 13, 13], "rotation": 270, "texture": "#vine", "tintindex": 0 },
				"down": {"uv": [11, 15, 13, 16], "rotation": 90, "texture": "#vine", "tintindex": 0 , "cullface": "down"}
			}
		},
		{
			"from": [15.5, 3, 4],
			"to": [16, 7, 6],
			"rotation": {"angle": 0, "axis": "y", "origin": [8, 7.72222, 7.8125]},
			"faces": {
				"north": {"uv": [11, 9, 12, 13], "texture": "#vine", "tintindex": 0 },
				"east": {"uv": [10, 9, 12, 13], "texture": "#vine", "tintindex": 0 , "cullface": "east"},
				"south": {"uv": [10, 9, 11, 13], "texture": "#vine", "tintindex": 0 },
				"west": {"uv": [12, 9, 10, 13], "texture": "#vine", "tintindex": 0 },
				"up": {"uv": [10, 9, 12, 10], "rotation": 270, "texture": "#vine", "tintindex": 0 },
				"down": {"uv": [10, 12, 12, 13], "rotation": 90, "texture": "#vine", "tintindex": 0 }
			}
		},
		{
			"from": [15.5, 9, 7],
			"to": [16, 11, 9],
			"rotation": {"angle": 0, "axis": "y", "origin": [8, 7.72222, 7.8125]},
			"faces": {
				"north": {"uv": [8, 5, 9, 7], "texture": "#vine", "tintindex": 0 },
				"east": {"uv": [7, 5, 9, 7], "texture": "#vine", "tintindex": 0 , "cullface": "east"},
				"south": {"uv": [7, 5, 8, 7], "texture": "#vine", "tintindex": 0 },
				"west": {"uv": [9, 5, 7, 7], "texture": "#vine", "tintindex": 0 },
				"up": {"uv": [7, 5, 9, 6], "rotation": 90, "texture": "#vine", "tintindex": 0 },
				"down": {"uv": [7, 6, 9, 7], "rotation": 270, "texture": "#vine", "tintindex": 0 }
			}
		},
		{
			"from": [15.5, 2, 0],
			"to": [16, 4, 2],
			"rotation": {"angle": 0, "axis": "y", "origin": [8, 7.72222, 7.8125]},
			"faces": {
				"north": {"uv": [15, 12, 16, 14], "texture": "#vine", "tintindex": 0 , "cullface": "north"},
				"east": {"uv": [14, 12, 16, 14], "texture": "#vine", "tintindex": 0 , "cullface": "east"},
				"south": {"uv": [14, 12, 15, 14], "texture": "#vine", "tintindex": 0 },
				"west": {"uv": [16, 12, 14, 14], "texture": "#vine", "tintindex": 0 },
				"up": {"uv": [14, 12, 16, 13], "rotation": 270, "texture": "#vine", "tintindex": 0 },
				"down": {"uv": [14, 13, 16, 14], "rotation": 90, "texture": "#vine", "tintindex": 0 }
			}
		},
		{
			"from": [15.5, 3, 10],
			"to": [16, 10, 12],
			"rotation": {"angle": 0, "axis": "y", "origin": [8, 7.72222, 7.8125]},
			"faces": {
				"north": {"uv": [5, 6, 6, 13], "texture": "#vine", "tintindex": 0 },
				"east": {"uv": [4, 6, 6, 13], "texture": "#vine", "tintindex": 0 , "cullface": "east"},
				"south": {"uv": [4, 6, 5, 13], "texture": "#vine", "tintindex": 0 },
				"west": {"uv": [6, 6, 4, 13], "texture": "#vine", "tintindex": 0 },
				"up": {"uv": [4, 6, 6, 7], "rotation": 90, "texture": "#vine", "tintindex": 0 },
				"down": {"uv": [4, 12, 6, 13], "rotation": 90, "texture": "#vine", "tintindex": 0 }
			}
		},
		{
			"from": [15.5, 2, 9],
			"to": [16, 5, 10],
			"rotation": {"angle": 0, "axis": "y", "origin": [8, 7.72222, 7.8125]},
			"faces": {
				"north": {"uv": [6, 11, 7, 14], "texture": "#vine", "tintindex": 0 },
				"east": {"uv": [6, 11, 7, 14], "texture": "#vine", "tintindex": 0 , "cullface": "east"},
				"south": {"uv": [6, 11, 7, 14], "texture": "#vine", "tintindex": 0 },
				"west": {"uv": [6, 11, 7, 14], "texture": "#vine", "tintindex": 0 },
				"up": {"uv": [6, 11, 7, 12], "rotation": 90, "texture": "#vine", "tintindex": 0 },
				"down": {"uv": [6, 13, 7, 14], "rotation": 270, "texture": "#vine", "tintindex": 0 }
			}
		},
		{
			"from": [15.5, 2, 6],
			"to": [16, 5, 7],
			"rotation": {"angle": 0, "axis": "y", "origin": [8, 7.72222, 7.8125]},
			"faces": {
				"north": {"uv": [9, 11, 10, 14], "texture": "#vine", "tintindex": 0 },
				"east": {"uv": [9, 11, 10, 14], "texture": "#vine", "tintindex": 0 , "cullface": "east"},
				"south": {"uv": [9, 11, 10, 14], "texture": "#vine", "tintindex": 0 },
				"west": {"uv": [9, 11, 10, 14], "texture": "#vine", "tintindex": 0 },
				"up": {"uv": [9, 11, 10, 12], "rotation": 90, "texture": "#vine", "tintindex": 0 },
				"down": {"uv": [9, 13, 10, 14], "rotation": 270, "texture": "#vine", "tintindex": 0 }
			}
		},
		{
			"from": [15.5, 7, 9],
			"to": [16, 10, 10],
			"rotation": {"angle": 0, "axis": "y", "origin": [8, 7.72222, 7.8125]},
			"faces": {
				"north": {"uv": [6, 6, 7, 9], "texture": "#vine", "tintindex": 0 },
				"east": {"uv": [6, 6, 7, 9], "texture": "#vine", "tintindex": 0 , "cullface": "east"},
				"west": {"uv": [6, 6, 7, 9], "texture": "#vine", "tintindex": 0 },
				"up": {"uv": [6, 6, 7, 7], "rotation": 90, "texture": "#vine", "tintindex": 0 },
				"down": {"uv": [6, 8, 7, 9], "rotation": 270, "texture": "#vine", "tintindex": 0 }
			}
		},
		{
			"from": [15.5, 9, 11],
			"to": [16, 11, 15],
			"rotation": {"angle": 0, "axis": "y", "origin": [8, 7.72222, 7.8125]},
			"faces": {
				"north": {"uv": [4, 5, 5, 7], "texture": "#vine", "tintindex": 0 },
				"east": {"uv": [1, 5, 5, 7], "texture": "#vine", "tintindex": 0 , "cullface": "east"},
				"south": {"uv": [1, 5, 2, 7], "texture": "#vine", "tintindex": 0 },
				"west": {"uv": [5, 5, 1, 7], "texture": "#vine", "tintindex": 0 },
				"up": {"uv": [1, 5, 5, 6], "rotation": 270, "texture": "#vine", "tintindex": 0 },
				"down": {"uv": [1, 6, 5, 7], "rotation": 90, "texture": "#vine", "tintindex": 0 }
			}
		},
		{
			"from": [15.5, 11, 12],
			"to": [16, 15, 14],
			"rotation": {"angle": 0, "axis": "y", "origin": [8, 7.72222, 7.8125]},
			"faces": {
				"north": {"uv": [3, 1, 4, 5], "texture": "#vine", "tintindex": 0 },
				"east": {"uv": [2, 1, 4, 5], "texture": "#vine", "tintindex": 0 , "cullface": "east"},
				"south": {"uv": [2, 1, 3, 5], "texture": "#vine", "tintindex": 0 },
				"west": {"uv": [4, 1, 2, 5], "texture": "#vine", "tintindex": 0 },
				"up": {"uv": [2, 1, 4, 2], "rotation": 270, "texture": "#vine", "tintindex": 0 }
			}
		},
		{
			"from": [15.5, 12, 14],
			"to": [16, 15, 15],
			"rotation": {"angle": 0, "axis": "y", "origin": [8, 7.72222, 7.8125]},
			"faces": {
				"east": {"uv": [2, 1, 1, 4], "texture": "#vine", "tintindex": 0 , "cullface": "east"},
				"south": {"uv": [2, 1, 1, 4], "texture": "#vine", "tintindex": 0 },
				"west": {"uv": [2, 1, 1, 4], "texture": "#vine", "tintindex": 0 },
				"up": {"uv": [2, 1, 1, 2], "rotation": 90, "texture": "#vine", "tintindex": 0 },
				"down": {"uv": [2, 3, 1, 4], "rotation": 270, "texture": "#vine", "tintindex": 0 }
			}
		},
		{
			"from": [15.5, 12, 15],
			"to": [16, 14, 16],
			"rotation": {"angle": 0, "axis": "y", "origin": [8, 7.72222, 7.8125]},
			"faces": {
				"east": {"uv": [1, 2, 0, 4], "texture": "#vine", "tintindex": 0 , "cullface": "east"},
				"west": {"uv": [1, 2, 0, 4], "texture": "#vine", "tintindex": 0 },
				"up": {"uv": [1, 2, 0, 3], "rotation": 90, "texture": "#vine", "tintindex": 0 },
				"down": {"uv": [1, 3, 0, 4], "rotation": 270, "texture": "#vine", "tintindex": 0 }
			}
		},
		{
			"from": [15.5, 8, 12],
			"to": [16, 9, 13],
			"rotation": {"angle": 0, "axis": "y", "origin": [8, 7.72222, 7.8125]},
			"faces": {
				"east": {"uv": [3, 7, 4, 8], "texture": "#vine", "tintindex": 0 , "cullface": "east"},
				"south": {"uv": [3, 7, 4, 8], "texture": "#vine", "tintindex": 0 },
				"west": {"uv": [3, 7, 4, 8], "texture": "#vine", "tintindex": 0 },
				"down": {"uv": [3, 7, 4, 8], "rotation": 270, "texture": "#vine", "tintindex": 0 }
			}
		},
		{
			"from": [15.5, 8, 15],
			"to": [16, 10, 16],
			"rotation": {"angle": 0, "axis": "y", "origin": [8, 7.72222, 7.8125]},
			"faces": {
				"north": {"uv": [0, 6, 1, 8], "texture": "#vine", "tintindex": 0 },
				"east": {"uv": [0, 6, 1, 8], "texture": "#vine", "tintindex": 0 , "cullface": "east"},
				"west": {"uv": [0, 6, 1, 8], "texture": "#vine", "tintindex": 0 },
				"up": {"uv": [0, 6, 1, 7], "rotation": 90, "texture": "#vine", "tintindex": 0 },
				"down": {"uv": [0, 7, 1, 8], "rotation": 270, "texture": "#vine", "tintindex": 0 }
			}
		},
		{
			"from": [15.5, 13, 11],
			"to": [16, 16, 13],
			"rotation": {"angle": 0, "axis": "y", "origin": [8, 7.72222, 7.8125]},
			"faces": {
				"north": {"uv": [4, 0, 5, 3], "texture": "#vine", "tintindex": 0 },
				"east": {"uv": [3, 0, 5, 3], "texture": "#vine", "tintindex": 0 , "cullface": "east"},
				"south": {"uv": [3, 0, 4, 3], "texture": "#vine", "tintindex": 0 },
				"west": {"uv": [5, 0, 3, 3], "texture": "#vine", "tintindex": 0 },
				"up": {"uv": [3, 0, 5, 1], "rotation": 270, "texture": "#vine", "tintindex": 0 , "cullface": "up"},
				"down": {"uv": [3, 2, 5, 3], "rotation": 90, "texture": "#vine", "tintindex": 0 }
			}
		},
		{
			"from": [15.5, 14, 10],
			"to": [16, 15, 11],
			"rotation": {"angle": 0, "axis": "y", "origin": [8, 7.72222, 7.8125]},
			"faces": {
				"north": {"uv": [5, 1, 6, 2], "texture": "#vine", "tintindex": 0 },
				"east": {"uv": [5, 1, 6, 2], "texture": "#vine", "tintindex": 0 , "cullface": "east"},
				"west": {"uv": [5, 1, 6, 2], "texture": "#vine", "tintindex": 0 },
				"down": {"uv": [5, 1, 6, 2], "rotation": 270, "texture": "#vine", "tintindex": 0 }
			}
		},
		{
			"from": [15.5, 14, 6],
			"to": [16, 15, 7],
			"rotation": {"angle": 0, "axis": "y", "origin": [8, 7.72222, 7.8125]},
			"faces": {
				"north": {"uv": [9, 1, 10, 2], "texture": "#vine", "tintindex": 0 },
				"east": {"uv": [9, 1, 10, 2], "texture": "#vine", "tintindex": 0 , "cullface": "east"},
				"south": {"uv": [9, 1, 10, 2], "texture": "#vine", "tintindex": 0 },
				"west": {"uv": [9, 1, 10, 2], "texture": "#vine", "tintindex": 0 },
				"down": {"uv": [9, 1, 10, 2], "rotation": 270, "texture": "#vine", "tintindex": 0 }
			}
		},
		{
			"from": [15.5, 15, 6],
			"to": [16, 16, 11],
			"rotation": {"angle": 0, "axis": "y", "origin": [8, 7.72222, 7.8125]},
			"faces": {
				"north": {"uv": [9, 0, 10, 1], "texture": "#vine", "tintindex": 0 },
				"east": {"uv": [5, 0, 10, 1], "texture": "#vine", "tintindex": 0 , "cullface": "east"},
				"west": {"uv": [5, 0, 10, 1], "rotation": 180, "texture": "#vine", "tintindex": 0 },
				"up": {"uv": [5, 0, 10, 1], "rotation": 270, "texture": "#vine", "tintindex": 0 , "cullface": "up"},
				"down": {"uv": [5, 0, 10, 1], "rotation": 90, "texture": "#vine", "tintindex": 0 }
			}
		},
		{
			"from": [15.5, 11, 2],
			"to": [16, 16, 5],
			"rotation": {"angle": 0, "axis": "y", "origin": [8, 7.72222, 7.8125]},
			"faces": {
				"north": {"uv": [13, 0, 14, 5], "texture": "#vine", "tintindex": 0 },
				"east": {"uv": [11, 0, 14, 5], "texture": "#vine", "tintindex": 0 , "cullface": "east"},
				"south": {"uv": [11, 0, 12, 5], "texture": "#vine", "tintindex": 0 },
				"west": {"uv": [14, 0, 11, 5], "texture": "#vine", "tintindex": 0 },
				"up": {"uv": [11, 0, 14, 1], "rotation": 270, "texture": "#vine", "tintindex": 0 , "cullface": "up"},
				"down": {"uv": [11, 4, 14, 5], "rotation": 270, "texture": "#vine", "tintindex": 0 }
			}
		},
		{
			"from": [15.5, 6, 2],
			"to": [16, 10, 5],
			"rotation": {"angle": 0, "axis": "y", "origin": [8, 7.72222, 7.8125]},
			"faces": {
				"north": {"uv": [13, 6, 14, 10], "texture": "#vine", "tintindex": 0 },
				"east": {"uv": [11, 6, 14, 10], "texture": "#vine", "tintindex": 0 , "cullface": "east"},
				"south": {"uv": [11, 6, 12, 10], "texture": "#vine", "tintindex": 0 },
				"west": {"uv": [14, 6, 11, 10], "texture": "#vine", "tintindex": 0 },
				"up": {"uv": [11, 6, 14, 7], "rotation": 270, "texture": "#vine", "tintindex": 0 },
				"down": {"uv": [11, 9, 14, 10], "rotation": 270, "texture": "#vine", "tintindex": 0 }
			}
		},
		{
			"from": [15.5, 14, 1],
			"to": [16, 16, 2],
			"rotation": {"angle": 0, "axis": "y", "origin": [8, 7.72222, 7.8125]},
			"faces": {
				"north": {"uv": [14, 0, 15, 2], "texture": "#vine", "tintindex": 0 },
				"east": {"uv": [14, 0, 15, 2], "texture": "#vine", "tintindex": 0 , "cullface": "east"},
				"west": {"uv": [14, 0, 15, 2], "texture": "#vine", "tintindex": 0 },
				"up": {"uv": [14, 0, 15, 1], "rotation": 90, "texture": "#vine", "tintindex": 0 , "cullface": "up"},
				"down": {"uv": [14, 1, 15, 2], "rotation": 270, "texture": "#vine", "tintindex": 0 }
			}
		},
		{
			"from": [15.5, 11, 5],
			"to": [16, 14, 6],
			"rotation": {"angle": 0, "axis": "y", "origin": [8, 7.72222, 7.8125]},
			"faces": {
				"east": {"uv": [10, 2, 11, 5], "texture": "#vine", "tintindex": 0 , "cullface": "east"},
				"south": {"uv": [10, 2, 11, 5], "texture": "#vine", "tintindex": 0 },
				"west": {"uv": [10, 2, 11, 5], "texture": "#vine", "tintindex": 0 },
				"up": {"uv": [10, 2, 11, 3], "rotation": 90, "texture": "#vine", "tintindex": 0 },
				"down": {"uv": [10, 4, 11, 5], "rotation": 270, "texture": "#vine", "tintindex": 0 }
			}
		},
		{
			"from": [15.5, 10, 0],
			"to": [16, 11, 4],
			"rotation": {"angle": 0, "axis": "y", "origin": [8, 7.72222, 7.8125]},
			"faces": {
				"north": {"uv": [15, 5, 16, 6], "texture": "#vine", "tintindex": 0 , "cullface": "north"},
				"east": {"uv": [12, 5, 16, 6], "texture": "#vine", "tintindex": 0 , "cullface": "east"},
				"south": {"uv": [12, 5, 13, 6], "texture": "#vine", "tintindex": 0 },
				"west": {"uv": [12, 5, 16, 6], "rotation": 180, "texture": "#vine", "tintindex": 0 },
				"up": {"uv": [12, 5, 16, 6], "rotation": 270, "texture": "#vine", "tintindex": 0 },
				"down": {"uv": [12, 5, 16, 6], "rotation": 90, "texture": "#vine", "tintindex": 0 }
			}
		},
		{
			"from": [15.5, 10, 6],
			"to": [16, 13, 7],
			"rotation": {"angle": 0, "axis": "y", "origin": [8, 7.72222, 7.8125]},
			"faces": {
				"north": {"uv": [9, 3, 10, 6], "texture": "#vine", "tintindex": 0 },
				"east": {"uv": [9, 3, 10, 6], "texture": "#vine", "tintindex": 0 , "cullface": "east"},
				"south": {"uv": [9, 3, 10, 6], "texture": "#vine", "tintindex": 0 },
				"west": {"uv": [9, 3, 10, 6], "texture": "#vine", "tintindex": 0 },
				"up": {"uv": [9, 3, 10, 4], "rotation": 90, "texture": "#vine", "tintindex": 0 },
				"down": {"uv": [9, 5, 10, 6], "rotation": 270, "texture": "#vine", "tintindex": 0 }
			}
		},
		{
			"from": [0, 0, 2],
			"to": [0.5, 5, 5],
			"rotation": {"angle": 0, "axis": "y", "origin": [8, 7.72222, 8.1875]},
			"faces": {
				"north": {"uv": [2, 11, 3, 16], "texture": "#vine", "tintindex": 0 },
				"east": {"uv": [5, 11, 2, 16], "texture": "#vine", "tintindex": 0 },
				"south": {"uv": [4, 11, 5, 16], "texture": "#vine", "tintindex": 0 },
				"west": {"uv": [2, 11, 5, 16], "texture": "#vine", "tintindex": 0 , "cullface": "west"},
				"up": {"uv": [2, 11, 5, 12], "rotation": 90, "texture": "#vine", "tintindex": 0 },
				"down": {"uv": [2, 15, 5, 16], "rotation": 90, "texture": "#vine", "tintindex": 0 , "cullface": "down"}
			}
		},
		{
			"from": [0, 1, 1],
			"to": [0.5, 4, 2],
			"rotation": {"angle": 0, "axis": "y", "origin": [8, 7.72222, 8.1875]},
			"faces": {
				"north": {"uv": [1, 12, 2, 15], "texture": "#vine", "tintindex": 0 },
				"east": {"uv": [1, 12, 2, 15], "texture": "#vine", "tintindex": 0 },
				"west": {"uv": [1, 12, 2, 15], "texture": "#vine", "tintindex": 0 , "cullface": "west"},
				"up": {"uv": [1, 12, 2, 13], "rotation": 270, "texture": "#vine", "tintindex": 0 },
				"down": {"uv": [1, 14, 2, 15], "rotation": 90, "texture": "#vine", "tintindex": 0 }
			}
		},
		{
			"from": [0, 0, 5],
			"to": [0.5, 1, 7],
			"rotation": {"angle": 0, "axis": "y", "origin": [8, 7.72222, 8.1875]},
			"faces": {
				"east": {"uv": [5, 15, 7, 16], "rotation": 180, "texture": "#vine", "tintindex": 0 },
				"south": {"uv": [6, 15, 7, 16], "texture": "#vine", "tintindex": 0 },
				"west": {"uv": [5, 15, 7, 16], "texture": "#vine", "tintindex": 0 , "cullface": "west"},
				"up": {"uv": [5, 15, 7, 16], "rotation": 90, "texture": "#vine", "tintindex": 0 },
				"down": {"uv": [5, 15, 7, 16], "rotation": 270, "texture": "#vine", "tintindex": 0 , "cullface": "down"}
			}
		},
		{
			"from": [0, 0, 8],
			"to": [0.5, 1, 10],
			"rotation": {"angle": 0, "axis": "y", "origin": [8, 7.72222, 8.1875]},
			"faces": {
				"north": {"uv": [8, 15, 9, 16], "texture": "#vine", "tintindex": 0 },
				"east": {"uv": [8, 15, 10, 16], "rotation": 180, "texture": "#vine", "tintindex": 0 },
				"south": {"uv": [9, 15, 10, 16], "texture": "#vine", "tintindex": 0 },
				"west": {"uv": [8, 15, 10, 16], "texture": "#vine", "tintindex": 0 , "cullface": "west"},
				"up": {"uv": [8, 15, 10, 16], "rotation": 90, "texture": "#vine", "tintindex": 0 },
				"down": {"uv": [8, 15, 10, 16], "rotation": 270, "texture": "#vine", "tintindex": 0 , "cullface": "down"}
			}
		},
		{
			"from": [0, 3, 0],
			"to": [0.5, 4, 1],
			"rotation": {"angle": 0, "axis": "y", "origin": [8, 7.72222, 8.1875]},
			"faces": {
				"east": {"uv": [0, 12, 1, 13], "texture": "#vine", "tintindex": 0 },
				"west": {"uv": [0, 12, 1, 13], "texture": "#vine", "tintindex": 0 , "cullface": "west"},
				"up": {"uv": [0, 12, 1, 13], "rotation": 270, "texture": "#vine", "tintindex": 0 },
				"down": {"uv": [0, 12, 1, 13], "rotation": 90, "texture": "#vine", "tintindex": 0 }
			}
		},
		{
			"from": [0, 8, 8],
			"to": [0.5, 9, 9],
			"rotation": {"angle": 0, "axis": "y", "origin": [8, 7.72222, 8.1875]},
			"faces": {
				"north": {"uv": [8, 7, 9, 8], "texture": "#vine", "tintindex": 0 },
				"east": {"uv": [8, 7, 9, 8], "texture": "#vine", "tintindex": 0 },
				"south": {"uv": [8, 7, 9, 8], "texture": "#vine", "tintindex": 0 },
				"west": {"uv": [8, 7, 9, 8], "texture": "#vine", "tintindex": 0 , "cullface": "west"},
				"down": {"uv": [8, 7, 9, 8], "rotation": 90, "texture": "#vine", "tintindex": 0 }
			}
		},
		{
			"from": [0, 8, 10],
			"to": [0.5, 9, 11],
			"rotation": {"angle": 0, "axis": "y", "origin": [8, 7.72222, 8.1875]},
			"faces": {
				"north": {"uv": [10, 7, 11, 8], "texture": "#vine", "tintindex": 0 },
				"east": {"uv": [10, 7, 11, 8], "texture": "#vine", "tintindex": 0 },
				"west": {"uv": [10, 7, 11, 8], "texture": "#vine", "tintindex": 0 , "cullface": "west"},
				"up": {"uv": [10, 7, 11, 8], "rotation": 270, "texture": "#vine", "tintindex": 0 },
				"down": {"uv": [10, 7, 11, 8], "rotation": 90, "texture": "#vine", "tintindex": 0 }
			}
		},
		{
			"from": [0, 1, 10],
			"to": [0.5, 2, 11],
			"rotation": {"angle": 0, "axis": "y", "origin": [8, 7.72222, 8.1875]},
			"faces": {
				"north": {"uv": [10, 14, 11, 15], "texture": "#vine", "tintindex": 0 },
				"east": {"uv": [10, 14, 11, 15], "texture": "#vine", "tintindex": 0 },
				"west": {"uv": [10, 14, 11, 15], "texture": "#vine", "tintindex": 0 , "cullface": "west"},
				"up": {"uv": [10, 14, 11, 15], "rotation": 270, "texture": "#vine", "tintindex": 0 },
				"down": {"uv": [10, 14, 11, 15], "rotation": 90, "texture": "#vine", "tintindex": 0 }
			}
		},
		{
			"from": [0, 0, 13],
			"to": [0.5, 1, 14],
			"rotation": {"angle": 0, "axis": "y", "origin": [8, 7.72222, 8.1875]},
			"faces": {
				"east": {"uv": [13, 15, 14, 16], "texture": "#vine", "tintindex": 0 },
				"south": {"uv": [13, 15, 14, 16], "texture": "#vine", "tintindex": 0 },
				"west": {"uv": [13, 15, 14, 16], "texture": "#vine", "tintindex": 0 , "cullface": "west"},
				"up": {"uv": [13, 15, 14, 16], "rotation": 270, "texture": "#vine", "tintindex": 0 },
				"down": {"uv": [13, 15, 14, 16], "rotation": 90, "texture": "#vine", "tintindex": 0 , "cullface": "down"}
			}
		},
		{
			"from": [0, 2, 13],
			"to": [0.5, 3, 14],
			"rotation": {"angle": 0, "axis": "y", "origin": [8, 7.72222, 8.1875]},
			"faces": {
				"east": {"uv": [13, 13, 14, 14], "texture": "#vine", "tintindex": 0 },
				"west": {"uv": [13, 13, 14, 14], "texture": "#vine", "tintindex": 0 , "cullface": "west"},
				"up": {"uv": [13, 13, 14, 14], "rotation": 270, "texture": "#vine", "tintindex": 0 },
				"down": {"uv": [13, 13, 14, 14], "rotation": 90, "texture": "#vine", "tintindex": 0 }
			}
		},
		{
			"from": [0, 1, 15],
			"to": [0.5, 2, 16],
			"rotation": {"angle": 0, "axis": "y", "origin": [8, 7.72222, 8.1875]},
			"faces": {
				"north": {"uv": [15, 14, 16, 15], "texture": "#vine", "tintindex": 0 },
				"east": {"uv": [15, 14, 16, 15], "texture": "#vine", "tintindex": 0 },
				"south": {"uv": [15, 14, 16, 15], "texture": "#vine", "tintindex": 0 , "cullface": "south"},
				"west": {"uv": [15, 14, 16, 15], "texture": "#vine", "tintindex": 0 , "cullface": "west"},
				"down": {"uv": [15, 14, 16, 15], "rotation": 90, "texture": "#vine", "tintindex": 0 }
			}
		},
		{
			"from": [0, 6, 14],
			"to": [0.5, 7, 15],
			"rotation": {"angle": 0, "axis": "y", "origin": [8, 7.72222, 8.1875]},
			"faces": {
				"east": {"uv": [14, 9, 15, 10], "texture": "#vine", "tintindex": 0 },
				"south": {"uv": [14, 9, 15, 10], "texture": "#vine", "tintindex": 0 },
				"west": {"uv": [14, 9, 15, 10], "texture": "#vine", "tintindex": 0 , "cullface": "west"},
				"up": {"uv": [14, 9, 15, 10], "rotation": 270, "texture": "#vine", "tintindex": 0 },
				"down": {"uv": [14, 9, 15, 10], "rotation": 90, "texture": "#vine", "tintindex": 0 }
			}
		},
		{
			"from": [0, 0, 11],
			"to": [0.5, 4, 13],
			"rotation": {"angle": 0, "axis": "y", "origin": [8, 7.72222, 8.1875]},
			"faces": {
				"north": {"uv": [11, 12, 12, 16], "texture": "#vine", "tintindex": 0 },
				"east": {"uv": [13, 12, 11, 16], "texture": "#vine", "tintindex": 0 },
				"south": {"uv": [12, 12, 13, 16], "texture": "#vine", "tintindex": 0 },
				"west": {"uv": [11, 12, 13, 16], "texture": "#vine", "tintindex": 0 , "cullface": "west"},
				"up": {"uv": [11, 12, 13, 13], "rotation": 90, "texture": "#vine", "tintindex": 0 },
				"down": {"uv": [11, 15, 13, 16], "rotation": 270, "texture": "#vine", "tintindex": 0 , "cullface": "down"}
			}
		},
		{
			"from": [0, 3, 10],
			"to": [0.5, 7, 12],
			"rotation": {"angle": 0, "axis": "y", "origin": [8, 7.72222, 8.1875]},
			"faces": {
				"north": {"uv": [10, 9, 11, 13], "texture": "#vine", "tintindex": 0 },
				"east": {"uv": [12, 9, 10, 13], "texture": "#vine", "tintindex": 0 },
				"south": {"uv": [11, 9, 12, 13], "texture": "#vine", "tintindex": 0 },
				"west": {"uv": [10, 9, 12, 13], "texture": "#vine", "tintindex": 0 , "cullface": "west"},
				"up": {"uv": [10, 9, 12, 10], "rotation": 90, "texture": "#vine", "tintindex": 0 },
				"down": {"uv": [10, 12, 12, 13], "rotation": 270, "texture": "#vine", "tintindex": 0 }
			}
		},
		{
			"from": [0, 9, 7],
			"to": [0.5, 11, 9],
			"rotation": {"angle": 0, "axis": "y", "origin": [8, 7.72222, 8.1875]},
			"faces": {
				"north": {"uv": [7, 5, 8, 7], "texture": "#vine", "tintindex": 0 },
				"east": {"uv": [9, 5, 7, 7], "texture": "#vine", "tintindex": 0 },
				"south": {"uv": [8, 5, 9, 7], "texture": "#vine", "tintindex": 0 },
				"west": {"uv": [7, 5, 9, 7], "texture": "#vine", "tintindex": 0 , "cullface": "west"},
				"up": {"uv": [7, 5, 9, 6], "rotation": 270, "texture": "#vine", "tintindex": 0 },
				"down": {"uv": [7, 6, 9, 7], "rotation": 90, "texture": "#vine", "tintindex": 0 }
			}
		},
		{
			"from": [0, 2, 14],
			"to": [0.5, 4, 16],
			"rotation": {"angle": 0, "axis": "y", "origin": [8, 7.72222, 8.1875]},
			"faces": {
				"north": {"uv": [14, 12, 15, 14], "texture": "#vine", "tintindex": 0 },
				"east": {"uv": [16, 12, 14, 14], "texture": "#vine", "tintindex": 0 },
				"south": {"uv": [15, 12, 16, 14], "texture": "#vine", "tintindex": 0 , "cullface": "south"},
				"west": {"uv": [14, 12, 16, 14], "texture": "#vine", "tintindex": 0 , "cullface": "west"},
				"up": {"uv": [14, 12, 16, 13], "rotation": 90, "texture": "#vine", "tintindex": 0 },
				"down": {"uv": [14, 13, 16, 14], "rotation": 270, "texture": "#vine", "tintindex": 0 }
			}
		},
		{
			"from": [0, 3, 4],
			"to": [0.5, 10, 6],
			"rotation": {"angle": 0, "axis": "y", "origin": [8, 7.72222, 8.1875]},
			"faces": {
				"north": {"uv": [4, 6, 5, 13], "texture": "#vine", "tintindex": 0 },
				"east": {"uv": [6, 6, 4, 13], "texture": "#vine", "tintindex": 0 },
				"south": {"uv": [5, 6, 6, 13], "texture": "#vine", "tintindex": 0 },
				"west": {"uv": [4, 6, 6, 13], "texture": "#vine", "tintindex": 0 , "cullface": "west"},
				"up": {"uv": [4, 6, 6, 7], "rotation": 270, "texture": "#vine", "tintindex": 0 },
				"down": {"uv": [4, 12, 6, 13], "rotation": 270, "texture": "#vine", "tintindex": 0 }
			}
		},
		{
			"from": [0, 2, 6],
			"to": [0.5, 5, 7],
			"rotation": {"angle": 0, "axis": "y", "origin": [8, 7.72222, 8.1875]},
			"faces": {
				"north": {"uv": [6, 11, 7, 14], "texture": "#vine", "tintindex": 0 },
				"east": {"uv": [6, 11, 7, 14], "texture": "#vine", "tintindex": 0 },
				"south": {"uv": [6, 11, 7, 14], "texture": "#vine", "tintindex": 0 },
				"west": {"uv": [6, 11, 7, 14], "texture": "#vine", "tintindex": 0 , "cullface": "west"},
				"up": {"uv": [6, 11, 7, 12], "rotation": 270, "texture": "#vine", "tintindex": 0 },
				"down": {"uv": [6, 13, 7, 14], "rotation": 90, "texture": "#vine", "tintindex": 0 }
			}
		},
		{
			"from": [0, 2, 9],
			"to": [0.5, 5, 10],
			"rotation": {"angle": 0, "axis": "y", "origin": [8, 7.72222, 8.1875]},
			"faces": {
				"north": {"uv": [9, 11, 10, 14], "texture": "#vine", "tintindex": 0 },
				"east": {"uv": [9, 11, 10, 14], "texture": "#vine", "tintindex": 0 },
				"south": {"uv": [9, 11, 10, 14], "texture": "#vine", "tintindex": 0 },
				"west": {"uv": [9, 11, 10, 14], "texture": "#vine", "tintindex": 0 , "cullface": "west"},
				"up": {"uv": [9, 11, 10, 12], "rotation": 270, "texture": "#vine", "tintindex": 0 },
				"down": {"uv": [9, 13, 10, 14], "rotation": 90, "texture": "#vine", "tintindex": 0 }
			}
		},
		{
			"from": [0, 7, 6],
			"to": [0.5, 10, 7],
			"rotation": {"angle": 0, "axis": "y", "origin": [8, 7.72222, 8.1875]},
			"faces": {
				"east": {"uv": [6, 6, 7, 9], "texture": "#vine", "tintindex": 0 },
				"south": {"uv": [6, 6, 7, 9], "texture": "#vine", "tintindex": 0 },
				"west": {"uv": [6, 6, 7, 9], "texture": "#vine", "tintindex": 0 , "cullface": "west"},
				"up": {"uv": [6, 6, 7, 7], "rotation": 270, "texture": "#vine", "tintindex": 0 },
				"down": {"uv": [6, 8, 7, 9], "rotation": 90, "texture": "#vine", "tintindex": 0 }
			}
		},
		{
			"from": [0, 9, 1],
			"to": [0.5, 11, 5],
			"rotation": {"angle": 0, "axis": "y", "origin": [8, 7.72222, 8.1875]},
			"faces": {
				"north": {"uv": [1, 5, 2, 7], "texture": "#vine", "tintindex": 0 },
				"east": {"uv": [5, 5, 1, 7], "texture": "#vine", "tintindex": 0 },
				"south": {"uv": [4, 5, 5, 7], "texture": "#vine", "tintindex": 0 },
				"west": {"uv": [1, 5, 5, 7], "texture": "#vine", "tintindex": 0 , "cullface": "west"},
				"up": {"uv": [1, 5, 5, 6], "rotation": 90, "texture": "#vine", "tintindex": 0 },
				"down": {"uv": [1, 6, 5, 7], "rotation": 270, "texture": "#vine", "tintindex": 0 }
			}
		},
		{
			"from": [0, 11, 2],
			"to": [0.5, 15, 4],
			"rotation": {"angle": 0, "axis": "y", "origin": [8, 7.72222, 8.1875]},
			"faces": {
				"north": {"uv": [2, 1, 3, 5], "texture": "#vine", "tintindex": 0 },
				"east": {"uv": [4, 1, 2, 5], "texture": "#vine", "tintindex": 0 },
				"south": {"uv": [3, 1, 4, 5], "texture": "#vine", "tintindex": 0 },
				"west": {"uv": [2, 1, 4, 5], "texture": "#vine", "tintindex": 0 , "cullface": "west"},
				"up": {"uv": [2, 1, 4, 2], "rotation": 90, "texture": "#vine", "tintindex": 0 }
			}
		},
		{
			"from": [0, 12, 1],
			"to": [0.5, 15, 2],
			"rotation": {"angle": 0, "axis": "y", "origin": [8, 7.72222, 8.1875]},
			"faces": {
				"north": {"uv": [2, 1, 1, 4], "texture": "#vine", "tintindex": 0 },
				"east": {"uv": [2, 1, 1, 4], "texture": "#vine", "tintindex": 0 },
				"west": {"uv": [2, 1, 1, 4], "texture": "#vine", "tintindex": 0 , "cullface": "west"},
				"up": {"uv": [2, 1, 1, 2], "rotation": 270, "texture": "#vine", "tintindex": 0 },
				"down": {"uv": [2, 3, 1, 4], "rotation": 90, "texture": "#vine", "tintindex": 0 }
			}
		},
		{
			"from": [0, 12, 0],
			"to": [0.5, 14, 1],
			"rotation": {"angle": 0, "axis": "y", "origin": [8, 7.72222, 8.1875]},
			"faces": {
				"north": {"uv": [0, 2, 1, 4], "texture": "#vine", "tintindex": 0 , "cullface": "north"},
				"east": {"uv": [1, 2, 0, 4], "texture": "#vine", "tintindex": 0 },
				"west": {"uv": [1, 2, 0, 4], "texture": "#vine", "tintindex": 0 , "cullface": "west"},
				"up": {"uv": [1, 2, 0, 3], "rotation": 270, "texture": "#vine", "tintindex": 0 },
				"down": {"uv": [1, 3, 0, 4], "rotation": 90, "texture": "#vine", "tintindex": 0 }
			}
		},
		{
			"from": [0, 8, 3],
			"to": [0.5, 9, 4],
			"rotation": {"angle": 0, "axis": "y", "origin": [8, 7.72222, 8.1875]},
			"faces": {
				"north": {"uv": [3, 7, 4, 8], "texture": "#vine", "tintindex": 0 },
				"east": {"uv": [3, 7, 4, 8], "texture": "#vine", "tintindex": 0 },
				"west": {"uv": [3, 7, 4, 8], "texture": "#vine", "tintindex": 0 , "cullface": "west"},
				"down": {"uv": [3, 7, 4, 8], "rotation": 90, "texture": "#vine", "tintindex": 0 }
			}
		},
		{
			"from": [0, 8, 0],
			"to": [0.5, 10, 1],
			"rotation": {"angle": 0, "axis": "y", "origin": [8, 7.72222, 8.1875]},
			"faces": {
				"north": {"uv": [0, 6, 1, 8], "texture": "#vine", "tintindex": 0 , "cullface": "north"},
				"east": {"uv": [0, 6, 1, 8], "texture": "#vine", "tintindex": 0 },
				"south": {"uv": [0, 6, 1, 8], "texture": "#vine", "tintindex": 0 },
				"west": {"uv": [0, 6, 1, 8], "texture": "#vine", "tintindex": 0 , "cullface": "west"},
				"up": {"uv": [0, 6, 1, 7], "rotation": 270, "texture": "#vine", "tintindex": 0 },
				"down": {"uv": [0, 7, 1, 8], "rotation": 90, "texture": "#vine", "tintindex": 0 }
			}
		},
		{
			"from": [0, 13, 3],
			"to": [0.5, 16, 5],
			"rotation": {"angle": 0, "axis": "y", "origin": [8, 7.72222, 8.1875]},
			"faces": {
				"north": {"uv": [3, 0, 4, 3], "texture": "#vine", "tintindex": 0 },
				"east": {"uv": [5, 0, 3, 3], "texture": "#vine", "tintindex": 0 },
				"south": {"uv": [4, 0, 5, 3], "texture": "#vine", "tintindex": 0 },
				"west": {"uv": [3, 0, 5, 3], "texture": "#vine", "tintindex": 0 , "cullface": "west"},
				"up": {"uv": [3, 0, 5, 1], "rotation": 90, "texture": "#vine", "tintindex": 0 , "cullface": "up"},
				"down": {"uv": [3, 2, 5, 3], "rotation": 270, "texture": "#vine", "tintindex": 0 }
			}
		},
		{
			"from": [0, 14, 5],
			"to": [0.5, 15, 6],
			"rotation": {"angle": 0, "axis": "y", "origin": [8, 7.72222, 8.1875]},
			"faces": {
				"east": {"uv": [5, 1, 6, 2], "texture": "#vine", "tintindex": 0 },
				"south": {"uv": [5, 1, 6, 2], "texture": "#vine", "tintindex": 0 },
				"west": {"uv": [5, 1, 6, 2], "texture": "#vine", "tintindex": 0 , "cullface": "west"},
				"down": {"uv": [5, 1, 6, 2], "rotation": 90, "texture": "#vine", "tintindex": 0 }
			}
		},
		{
			"from": [0, 14, 9],
			"to": [0.5, 15, 10],
			"rotation": {"angle": 0, "axis": "y", "origin": [8, 7.72222, 8.1875]},
			"faces": {
				"north": {"uv": [9, 1, 10, 2], "texture": "#vine", "tintindex": 0 },
				"east": {"uv": [9, 1, 10, 2], "texture": "#vine", "tintindex": 0 },
				"south": {"uv": [9, 1, 10, 2], "texture": "#vine", "tintindex": 0 },
				"west": {"uv": [9, 1, 10, 2], "texture": "#vine", "tintindex": 0 , "cullface": "west"},
				"down": {"uv": [9, 1, 10, 2], "rotation": 90, "texture": "#vine", "tintindex": 0 }
			}
		},
		{
			"from": [0, 15, 5],
			"to": [0.5, 16, 10],
			"rotation": {"angle": 0, "axis": "y", "origin": [8, 7.72222, 8.1875]},
			"faces": {
				"east": {"uv": [5, 0, 10, 1], "rotation": 180, "texture": "#vine", "tintindex": 0 },
				"south": {"uv": [9, 0, 10, 1], "texture": "#vine", "tintindex": 0 },
				"west": {"uv": [5, 0, 10, 1], "texture": "#vine", "tintindex": 0 , "cullface": "west"},
				"up": {"uv": [5, 0, 10, 1], "rotation": 90, "texture": "#vine", "tintindex": 0 , "cullface": "up"},
				"down": {"uv": [5, 0, 10, 1], "rotation": 270, "texture": "#vine", "tintindex": 0 }
			}
		},
		{
			"from": [0, 11, 11],
			"to": [0.5, 16, 14],
			"rotation": {"angle": 0, "axis": "y", "origin": [8, 7.72222, 8.1875]},
			"faces": {
				"north": {"uv": [11, 0, 12, 5], "texture": "#vine", "tintindex": 0 },
				"east": {"uv": [14, 0, 11, 5], "texture": "#vine", "tintindex": 0 },
				"south": {"uv": [13, 0, 14, 5], "texture": "#vine", "tintindex": 0 },
				"west": {"uv": [11, 0, 14, 5], "texture": "#vine", "tintindex": 0 , "cullface": "west"},
				"up": {"uv": [11, 0, 14, 1], "rotation": 90, "texture": "#vine", "tintindex": 0 , "cullface": "up"},
				"down": {"uv": [11, 4, 14, 5], "rotation": 90, "texture": "#vine", "tintindex": 0 }
			}
		},
		{
			"from": [0, 6, 11],
			"to": [0.5, 10, 14],
			"rotation": {"angle": 0, "axis": "y", "origin": [8, 7.72222, 8.1875]},
			"faces": {
				"north": {"uv": [11, 6, 12, 10], "texture": "#vine", "tintindex": 0 },
				"east": {"uv": [14, 6, 11, 10], "texture": "#vine", "tintindex": 0 },
				"south": {"uv": [13, 6, 14, 10], "texture": "#vine", "tintindex": 0 },
				"west": {"uv": [11, 6, 14, 10], "texture": "#vine", "tintindex": 0 , "cullface": "west"},
				"up": {"uv": [11, 6, 14, 7], "rotation": 90, "texture": "#vine", "tintindex": 0 },
				"down": {"uv": [11, 9, 14, 10], "rotation": 90, "texture": "#vine", "tintindex": 0 }
			}
		},
		{
			"from": [0, 14, 14],
			"to": [0.5, 16, 15],
			"rotation": {"angle": 0, "axis": "y", "origin": [8, 7.72222, 8.1875]},
			"faces": {
				"east": {"uv": [14, 0, 15, 2], "texture": "#vine", "tintindex": 0 },
				"south": {"uv": [14, 0, 15, 2], "texture": "#vine", "tintindex": 0 },
				"west": {"uv": [14, 0, 15, 2], "texture": "#vine", "tintindex": 0 , "cullface": "west"},
				"up": {"uv": [14, 0, 15, 1], "rotation": 270, "texture": "#vine", "tintindex": 0 , "cullface": "up"},
				"down": {"uv": [14, 1, 15, 2], "rotation": 90, "texture": "#vine", "tintindex": 0 }
			}
		},
		{
			"from": [0, 11, 10],
			"to": [0.5, 14, 11],
			"rotation": {"angle": 0, "axis": "y", "origin": [8, 7.72222, 8.1875]},
			"faces": {
				"north": {"uv": [10, 2, 11, 5], "texture": "#vine", "tintindex": 0 },
				"east": {"uv": [10, 2, 11, 5], "texture": "#vine", "tintindex": 0 },
				"west": {"uv": [10, 2, 11, 5], "texture": "#vine", "tintindex": 0 , "cullface": "west"},
				"up": {"uv": [10, 2, 11, 3], "rotation": 270, "texture": "#vine", "tintindex": 0 },
				"down": {"uv": [10, 4, 11, 5], "rotation": 90, "texture": "#vine", "tintindex": 0 }
			}
		},
		{
			"from": [0, 10, 12],
			"to": [0.5, 11, 16],
			"rotation": {"angle": 0, "axis": "y", "origin": [8, 7.72222, 8.1875]},
			"faces": {
				"north": {"uv": [12, 5, 13, 6], "texture": "#vine", "tintindex": 0 },
				"east": {"uv": [12, 5, 16, 6], "rotation": 180, "texture": "#vine", "tintindex": 0 },
				"south": {"uv": [15, 5, 16, 6], "texture": "#vine", "tintindex": 0 , "cullface": "south"},
				"west": {"uv": [12, 5, 16, 6], "texture": "#vine", "tintindex": 0 , "cullface": "west"},
				"up": {"uv": [12, 5, 16, 6], "rotation": 90, "texture": "#vine", "tintindex": 0 },
				"down": {"uv": [12, 5, 16, 6], "rotation": 270, "texture": "#vine", "tintindex": 0 }
			}
		},
		{
			"from": [0, 10, 9],
			"to": [0.5, 13, 10],
			"rotation": {"angle": 0, "axis": "y", "origin": [8, 7.72222, 8.1875]},
			"faces": {
				"north": {"uv": [9, 3, 10, 6], "texture": "#vine", "tintindex": 0 },
				"east": {"uv": [9, 3, 10, 6], "texture": "#vine", "tintindex": 0 },
				"south": {"uv": [9, 3, 10, 6], "texture": "#vine", "tintindex": 0 },
				"west": {"uv": [9, 3, 10, 6], "texture": "#vine", "tintindex": 0 , "cullface": "west"},
				"up": {"uv": [9, 3, 10, 4], "rotation": 270, "texture": "#vine", "tintindex": 0 },
				"down": {"uv": [9, 5, 10, 6], "rotation": 90, "texture": "#vine", "tintindex": 0 }
			}
		}
	],
	"groups": [
		{
			"name": "vine1",
			"origin": [19, 11, 23],
			"children": [0, 1, 2, 3, 4, 5, 6, 7, 8, 9, 10, 11, 12, 13, 14, 15, 16, 17, 18, 19, 20, 21, 22, 23, 24, 25, 26, 27, 28, 29, 30, 31, 32, 33, 34, 35]
		},
		{
			"name": "vine2",
			"origin": [19, 11, 23],
			"children": [36, 37, 38, 39, 40, 41, 42, 43, 44, 45, 46, 47, 48, 49, 50, 51, 52, 53, 54, 55, 56, 57, 58, 59, 60, 61, 62, 63, 64, 65, 66, 67, 68, 69, 70, 71]
		},
		{
			"name": "vine3",
			"origin": [19, 11, 23],
			"children": [72, 73, 74, 75, 76, 77, 78, 79, 80, 81, 82, 83, 84, 85, 86, 87, 88, 89, 90, 91, 92, 93, 94, 95, 96, 97, 98, 99, 100, 101, 102, 103, 104, 105, 106, 107]
		},
		{
			"name": "vine4",
			"origin": [19, 11, 23],
			"children": [108, 109, 110, 111, 112, 113, 114, 115, 116, 117, 118, 119, 120, 121, 122, 123, 124, 125, 126, 127, 128, 129, 130, 131, 132, 133, 134, 135, 136, 137, 138, 139, 140, 141, 142, 143]
		}
	]
}