{
	"credit": "Libro della Giungla",
	"ambientocclusion": false,
	"textures": {
		"particle": "blocks/vine",
		"vine": "blocks/vine"
	},
	"elements": [
		{
			"from": [11, 0, 15.5],
			"to": [14, 5, 16],
			"rotation": {"angle": 0, "axis": "y", "origin": [21, 8, 23]},
			"faces": {
				"north": {"uv": [2, 11, 5, 16], "texture": "#vine", "tintindex": 0 },
				"east": {"uv": [2, 11, 3, 16], "texture": "#vine", "tintindex": 0 },
				"south": {"uv": [5, 11, 2, 16], "texture": "#vine", "tintindex": 0 , "cullface": "south"},
				"west": {"uv": [4, 11, 5, 16], "texture": "#vine", "tintindex": 0 },
				"up": {"uv": [2, 11, 5, 12], "rotation": 180, "texture": "#vine", "tintindex": 0 },
				"down": {"uv": [2, 15, 5, 16], "texture": "#vine", "tintindex": 0 , "cullface": "down"}
			}
		},
		{
			"from": [14, 1, 15.5],
			"to": [15, 4, 16],
			"rotation": {"angle": 0, "axis": "y", "origin": [24, 8, 23]},
			"faces": {
				"north": {"uv": [1, 12, 2, 15], "texture": "#vine", "tintindex": 0 },
				"east": {"uv": [1, 12, 2, 15], "texture": "#vine", "tintindex": 0 },
				"south": {"uv": [1, 12, 2, 15], "texture": "#vine", "tintindex": 0 , "cullface": "south"},
				"up": {"uv": [1, 12, 2, 13], "texture": "#vine", "tintindex": 0 },
				"down": {"uv": [1, 14, 2, 15], "texture": "#vine", "tintindex": 0 }
			}
		},
		{
			"from": [9, 0, 15.5],
			"to": [11, 1, 16],
			"rotation": {"angle": 0, "axis": "y", "origin": [18, 8, 23]},
			"faces": {
				"north": {"uv": [5, 15, 7, 16], "texture": "#vine", "tintindex": 0 },
				"south": {"uv": [5, 15, 7, 16], "rotation": 180, "texture": "#vine", "tintindex": 0 , "cullface": "south"},
				"west": {"uv": [6, 15, 7, 16], "texture": "#vine", "tintindex": 0 },
				"up": {"uv": [5, 15, 7, 16], "rotation": 180, "texture": "#vine", "tintindex": 0 },
				"down": {"uv": [5, 15, 7, 16], "rotation": 180, "texture": "#vine", "tintindex": 0 , "cullface": "down"}
			}
		},
		{
			"from": [6, 0, 15.5],
			"to": [8, 1, 16],
			"rotation": {"angle": 0, "axis": "y", "origin": [15, 8, 23]},
			"faces": {
				"north": {"uv": [8, 15, 10, 16], "texture": "#vine", "tintindex": 0 },
				"east": {"uv": [8, 15, 9, 16], "texture": "#vine", "tintindex": 0 },
				"south": {"uv": [8, 15, 10, 16], "rotation": 180, "texture": "#vine", "tintindex": 0 , "cullface": "south"},
				"west": {"uv": [9, 15, 10, 16], "texture": "#vine", "tintindex": 0 },
				"up": {"uv": [8, 15, 10, 16], "rotation": 180, "texture": "#vine", "tintindex": 0 },
				"down": {"uv": [8, 15, 10, 16], "rotation": 180, "texture": "#vine", "tintindex": 0 , "cullface": "down"}
			}
		},
		{
			"from": [15, 3, 15.5],
			"to": [16, 4, 16],
			"rotation": {"angle": 0, "axis": "y", "origin": [23, 11, 23]},
			"faces": {
				"north": {"uv": [0, 12, 1, 13], "texture": "#vine", "tintindex": 0 },
				"east": {"uv": [0, 12, 1, 13], "texture": "#vine", "tintindex": 0 , "cullface": "east"},
				"south": {"uv": [0, 12, 1, 13], "texture": "#vine", "tintindex": 0 , "cullface": "south"},
				"up": {"uv": [0, 12, 1, 13], "texture": "#vine", "tintindex": 0 },
				"down": {"uv": [0, 12, 1, 13], "texture": "#vine", "tintindex": 0 }
			}
		},
		{
			"from": [7, 8, 15.5],
			"to": [8, 9, 16],
			"rotation": {"angle": 0, "axis": "y", "origin": [15, 16, 23]},
			"faces": {
				"north": {"uv": [8, 7, 9, 8], "texture": "#vine", "tintindex": 0 },
				"east": {"uv": [8, 7, 9, 8], "texture": "#vine", "tintindex": 0 },
				"south": {"uv": [8, 7, 9, 8], "texture": "#vine", "tintindex": 0 , "cullface": "south"},
				"west": {"uv": [8, 7, 9, 8], "texture": "#vine", "tintindex": 0 },
				"down": {"uv": [8, 7, 9, 8], "texture": "#vine", "tintindex": 0 }
			}
		},
		{
			"from": [5, 8, 15.5],
			"to": [6, 9, 16],
			"rotation": {"angle": 0, "axis": "y", "origin": [13, 16, 23]},
			"faces": {
				"north": {"uv": [10, 7, 11, 8], "texture": "#vine", "tintindex": 0 },
				"east": {"uv": [10, 7, 11, 8], "texture": "#vine", "tintindex": 0 },
				"south": {"uv": [10, 7, 11, 8], "texture": "#vine", "tintindex": 0 , "cullface": "south"},
				"up": {"uv": [10, 7, 11, 8], "texture": "#vine", "tintindex": 0 },
				"down": {"uv": [10, 7, 11, 8], "texture": "#vine", "tintindex": 0 }
			}
		},
		{
			"from": [5, 1, 15.5],
			"to": [6, 2, 16],
			"rotation": {"angle": 0, "axis": "y", "origin": [13, 9, 23]},
			"faces": {
				"north": {"uv": [10, 14, 11, 15], "texture": "#vine", "tintindex": 0 },
				"east": {"uv": [10, 14, 11, 15], "texture": "#vine", "tintindex": 0 },
				"south": {"uv": [10, 14, 11, 15], "texture": "#vine", "tintindex": 0 , "cullface": "south"},
				"up": {"uv": [10, 14, 11, 15], "texture": "#vine", "tintindex": 0 },
				"down": {"uv": [10, 14, 11, 15], "texture": "#vine", "tintindex": 0 }
			}
		},
		{
			"from": [2, 0, 15.5],
			"to": [3, 1, 16],
			"rotation": {"angle": 0, "axis": "y", "origin": [10, 8, 23]},
			"faces": {
				"north": {"uv": [13, 15, 14, 16], "texture": "#vine", "tintindex": 0 },
				"south": {"uv": [13, 15, 14, 16], "texture": "#vine", "tintindex": 0 , "cullface": "south"},
				"west": {"uv": [13, 15, 14, 16], "texture": "#vine", "tintindex": 0 },
				"up": {"uv": [13, 15, 14, 16], "texture": "#vine", "tintindex": 0 },
				"down": {"uv": [13, 15, 14, 16], "texture": "#vine", "tintindex": 0 , "cullface": "down"}
			}
		},
		{
			"from": [2, 2, 15.5],
			"to": [3, 3, 16],
			"rotation": {"angle": 0, "axis": "y", "origin": [10, 10, 23]},
			"faces": {
				"north": {"uv": [13, 13, 14, 14], "texture": "#vine", "tintindex": 0 },
				"south": {"uv": [13, 13, 14, 14], "texture": "#vine", "tintindex": 0 , "cullface": "south"},
				"up": {"uv": [13, 13, 14, 14], "texture": "#vine", "tintindex": 0 },
				"down": {"uv": [13, 13, 14, 14], "texture": "#vine", "tintindex": 0 }
			}
		},
		{
			"from": [0, 1, 15.5],
			"to": [1, 2, 16],
			"rotation": {"angle": 0, "axis": "y", "origin": [8, 9, 23]},
			"faces": {
				"north": {"uv": [15, 14, 16, 15], "texture": "#vine", "tintindex": 0 },
				"east": {"uv": [15, 14, 16, 15], "texture": "#vine", "tintindex": 0 },
				"south": {"uv": [15, 14, 16, 15], "texture": "#vine", "tintindex": 0 , "cullface": "south"},
				"west": {"uv": [15, 14, 16, 15], "texture": "#vine", "tintindex": 0 , "cullface": "west"},
				"down": {"uv": [15, 14, 16, 15], "texture": "#vine", "tintindex": 0 }
			}
		},
		{
			"from": [1, 6, 15.5],
			"to": [2, 7, 16],
			"rotation": {"angle": 0, "axis": "y", "origin": [9, 14, 23]},
			"faces": {
				"north": {"uv": [14, 9, 15, 10], "texture": "#vine", "tintindex": 0 },
				"south": {"uv": [14, 9, 15, 10], "texture": "#vine", "tintindex": 0 , "cullface": "south"},
				"west": {"uv": [14, 9, 15, 10], "texture": "#vine", "tintindex": 0 },
				"up": {"uv": [14, 9, 15, 10], "texture": "#vine", "tintindex": 0 },
				"down": {"uv": [14, 9, 15, 10], "texture": "#vine", "tintindex": 0 }
			}
		},
		{
			"from": [3, 0, 15.5],
			"to": [5, 4, 16],
			"rotation": {"angle": 0, "axis": "y", "origin": [12, 11, 23]},
			"faces": {
				"north": {"uv": [11, 12, 13, 16], "texture": "#vine", "tintindex": 0 },
				"east": {"uv": [11, 12, 12, 16], "texture": "#vine", "tintindex": 0 },
				"south": {"uv": [13, 12, 11, 16], "texture": "#vine", "tintindex": 0 , "cullface": "south"},
				"west": {"uv": [12, 12, 13, 16], "texture": "#vine", "tintindex": 0 },
				"up": {"uv": [11, 12, 13, 13], "rotation": 180, "texture": "#vine", "tintindex": 0 },
				"down": {"uv": [11, 15, 13, 16], "rotation": 180, "texture": "#vine", "tintindex": 0 , "cullface": "down"}
			}
		},
		{
			"from": [4, 3, 15.5],
			"to": [6, 7, 16],
			"rotation": {"angle": 0, "axis": "y", "origin": [13, 14, 23]},
			"faces": {
				"north": {"uv": [10, 9, 12, 13], "texture": "#vine", "tintindex": 0 },
				"east": {"uv": [10, 9, 11, 13], "texture": "#vine", "tintindex": 0 },
				"south": {"uv": [12, 9, 10, 13], "texture": "#vine", "tintindex": 0 , "cullface": "south"},
				"west": {"uv": [11, 9, 12, 13], "texture": "#vine", "tintindex": 0 },
				"up": {"uv": [10, 9, 12, 10], "rotation": 180, "texture": "#vine", "tintindex": 0 },
				"down": {"uv": [10, 12, 12, 13], "rotation": 180, "texture": "#vine", "tintindex": 0 }
			}
		},
		{
			"from": [7, 9, 15.5],
			"to": [9, 11, 16],
			"rotation": {"angle": 0, "axis": "y", "origin": [15, 17, 23]},
			"faces": {
				"north": {"uv": [7, 5, 9, 7], "texture": "#vine", "tintindex": 0 },
				"east": {"uv": [7, 5, 8, 7], "texture": "#vine", "tintindex": 0 },
				"south": {"uv": [9, 5, 7, 7], "texture": "#vine", "tintindex": 0 , "cullface": "south"},
				"west": {"uv": [8, 5, 9, 7], "texture": "#vine", "tintindex": 0 },
				"up": {"uv": [7, 5, 9, 6], "texture": "#vine", "tintindex": 0 },
				"down": {"uv": [7, 6, 9, 7], "texture": "#vine", "tintindex": 0 }
			}
		},
		{
			"from": [0, 2, 15.5],
			"to": [2, 4, 16],
			"rotation": {"angle": 0, "axis": "y", "origin": [8, 10, 23]},
			"faces": {
				"north": {"uv": [14, 12, 16, 14], "texture": "#vine", "tintindex": 0 },
				"east": {"uv": [14, 12, 15, 14], "texture": "#vine", "tintindex": 0 },
				"south": {"uv": [14, 12, 16, 14], "texture": "#vine", "tintindex": 0 , "cullface": "south"},
				"west": {"uv": [15, 12, 16, 14], "texture": "#vine", "tintindex": 0 , "cullface": "west"},
				"up": {"uv": [14, 12, 16, 13], "rotation": 180, "texture": "#vine", "tintindex": 0 },
				"down": {"uv": [14, 13, 16, 14], "rotation": 180, "texture": "#vine", "tintindex": 0 }
			}
		},
		{
			"from": [10, 3, 15.5],
			"to": [12, 10, 16],
			"rotation": {"angle": 0, "axis": "y", "origin": [19, 11, 23]},
			"faces": {
				"north": {"uv": [4, 6, 6, 13], "texture": "#vine", "tintindex": 0 },
				"east": {"uv": [4, 6, 5, 13], "texture": "#vine", "tintindex": 0 },
				"south": {"uv": [6, 6, 4, 13], "texture": "#vine", "tintindex": 0 , "cullface": "south"},
				"west": {"uv": [5, 6, 6, 13], "texture": "#vine", "tintindex": 0 },
				"up": {"uv": [4, 6, 6, 7], "texture": "#vine", "tintindex": 0 },
				"down": {"uv": [4, 12, 6, 13], "rotation": 180, "texture": "#vine", "tintindex": 0 }
			}
		},
		{
			"from": [9, 2, 15.5],
			"to": [10, 5, 16],
			"rotation": {"angle": 0, "axis": "y", "origin": [17, 12, 23]},
			"faces": {
				"north": {"uv": [6, 11, 7, 14], "texture": "#vine", "tintindex": 0 },
				"east": {"uv": [6, 11, 7, 14], "texture": "#vine", "tintindex": 0 },
				"south": {"uv": [6, 11, 7, 14], "texture": "#vine", "tintindex": 0 , "cullface": "south"},
				"west": {"uv": [6, 11, 7, 14], "texture": "#vine", "tintindex": 0 },
				"up": {"uv": [6, 11, 7, 12], "texture": "#vine", "tintindex": 0 },
				"down": {"uv": [6, 13, 7, 14], "texture": "#vine", "tintindex": 0 }
			}
		},
		{
			"from": [6, 2, 15.5],
			"to": [7, 5, 16],
			"rotation": {"angle": 0, "axis": "y", "origin": [14, 12, 23]},
			"faces": {
				"north": {"uv": [9, 11, 10, 14], "texture": "#vine", "tintindex": 0 },
				"east": {"uv": [9, 11, 10, 14], "texture": "#vine", "tintindex": 0 },
				"south": {"uv": [9, 11, 10, 14], "texture": "#vine", "tintindex": 0 , "cullface": "south"},
				"west": {"uv": [9, 11, 10, 14], "texture": "#vine", "tintindex": 0 },
				"up": {"uv": [9, 11, 10, 12], "texture": "#vine", "tintindex": 0 },
				"down": {"uv": [9, 13, 10, 14], "texture": "#vine", "tintindex": 0 }
			}
		},
		{
			"from": [9, 7, 15.5],
			"to": [10, 10, 16],
			"rotation": {"angle": 0, "axis": "y", "origin": [17, 15, 23]},
			"faces": {
				"north": {"uv": [6, 6, 7, 9], "texture": "#vine", "tintindex": 0 },
				"south": {"uv": [6, 6, 7, 9], "texture": "#vine", "tintindex": 0 , "cullface": "south"},
				"west": {"uv": [6, 6, 7, 9], "texture": "#vine", "tintindex": 0 },
				"up": {"uv": [6, 6, 7, 7], "texture": "#vine", "tintindex": 0 },
				"down": {"uv": [6, 8, 7, 9], "texture": "#vine", "tintindex": 0 }
			}
		},
		{
			"from": [11, 9, 15.5],
			"to": [15, 11, 16],
			"rotation": {"angle": 0, "axis": "y", "origin": [19, 17, 23]},
			"faces": {
				"north": {"uv": [1, 5, 5, 7], "texture": "#vine", "tintindex": 0 },
				"east": {"uv": [1, 5, 2, 7], "texture": "#vine", "tintindex": 0 },
				"south": {"uv": [5, 5, 1, 7], "texture": "#vine", "tintindex": 0 , "cullface": "south"},
				"west": {"uv": [4, 5, 5, 7], "texture": "#vine", "tintindex": 0 },
				"up": {"uv": [1, 5, 5, 6], "rotation": 180, "texture": "#vine", "tintindex": 0 },
				"down": {"uv": [1, 6, 5, 7], "rotation": 180, "texture": "#vine", "tintindex": 0 }
			}
		},
		{
			"from": [12, 11, 15.5],
			"to": [14, 15, 16],
			"rotation": {"angle": 0, "axis": "y", "origin": [21, 19, 23]},
			"faces": {
				"north": {"uv": [2, 1, 4, 5], "texture": "#vine", "tintindex": 0 },
				"east": {"uv": [2, 1, 3, 5], "texture": "#vine", "tintindex": 0 },
				"south": {"uv": [4, 1, 2, 5], "texture": "#vine", "tintindex": 0 , "cullface": "south"},
				"west": {"uv": [3, 1, 4, 5], "texture": "#vine", "tintindex": 0 },
				"up": {"uv": [2, 1, 4, 2], "rotation": 180, "texture": "#vine", "tintindex": 0 }
			}
		},
		{
			"from": [14, 12, 15.5],
			"to": [15, 15, 16],
			"rotation": {"angle": 0, "axis": "y", "origin": [23, 19, 23]},
			"faces": {
				"north": {"uv": [2, 1, 1, 4], "texture": "#vine", "tintindex": 0 },
				"east": {"uv": [2, 1, 1, 4], "texture": "#vine", "tintindex": 0 },
				"south": {"uv": [2, 1, 1, 4], "texture": "#vine", "tintindex": 0 , "cullface": "south"},
				"up": {"uv": [2, 1, 1, 2], "texture": "#vine", "tintindex": 0 },
				"down": {"uv": [2, 3, 1, 4], "texture": "#vine", "tintindex": 0 }
			}
		},
		{
			"from": [15, 12, 15.5],
			"to": [16, 14, 16],
			"rotation": {"angle": 0, "axis": "y", "origin": [24, 19, 23]},
			"faces": {
				"north": {"uv": [1, 2, 0, 4], "texture": "#vine", "tintindex": 0 },
				"east": {"uv": [1, 2, 0, 4], "texture": "#vine", "tintindex": 0 , "cullface": "east"},
				"south": {"uv": [1, 2, 0, 4], "texture": "#vine", "tintindex": 0 , "cullface": "south"},
				"up": {"uv": [1, 2, 0, 3], "texture": "#vine", "tintindex": 0 },
				"down": {"uv": [1, 3, 0, 4], "texture": "#vine", "tintindex": 0 }
			}
		},
		{
			"from": [12, 8, 15.5],
			"to": [13, 9, 16],
			"rotation": {"angle": 0, "axis": "y", "origin": [20, 16, 23]},
			"faces": {
				"north": {"uv": [3, 7, 4, 8], "texture": "#vine", "tintindex": 0 },
				"east": {"uv": [3, 7, 4, 8], "texture": "#vine", "tintindex": 0 },
				"south": {"uv": [3, 7, 4, 8], "texture": "#vine", "tintindex": 0 , "cullface": "south"},
				"down": {"uv": [3, 7, 4, 8], "texture": "#vine", "tintindex": 0 }
			}
		},
		{
			"from": [15, 8, 15.5],
			"to": [16, 10, 16],
			"rotation": {"angle": 0, "axis": "y", "origin": [23, 16, 23]},
			"faces": {
				"north": {"uv": [0, 6, 1, 8], "texture": "#vine", "tintindex": 0 },
				"east": {"uv": [0, 6, 1, 8], "texture": "#vine", "tintindex": 0 , "cullface": "east"},
				"south": {"uv": [0, 6, 1, 8], "texture": "#vine", "tintindex": 0 , "cullface": "south"},
				"west": {"uv": [0, 6, 1, 8], "texture": "#vine", "tintindex": 0 },
				"up": {"uv": [0, 6, 1, 7], "texture": "#vine", "tintindex": 0 },
				"down": {"uv": [0, 7, 1, 8], "texture": "#vine", "tintindex": 0 }
			}
		},
		{
			"from": [11, 13, 15.5],
			"to": [13, 16, 16],
			"rotation": {"angle": 0, "axis": "y", "origin": [19, 21, 23]},
			"faces": {
				"north": {"uv": [3, 0, 5, 3], "texture": "#vine", "tintindex": 0 },
				"east": {"uv": [3, 0, 4, 3], "texture": "#vine", "tintindex": 0 },
				"south": {"uv": [5, 0, 3, 3], "texture": "#vine", "tintindex": 0 , "cullface": "south"},
				"west": {"uv": [4, 0, 5, 3], "texture": "#vine", "tintindex": 0 },
				"up": {"uv": [3, 0, 5, 1], "rotation": 180, "texture": "#vine", "tintindex": 0 , "cullface": "up"},
				"down": {"uv": [3, 2, 5, 3], "rotation": 180, "texture": "#vine", "tintindex": 0 }
			}
		},
		{
			"from": [10, 14, 15.5],
			"to": [11, 15, 16],
			"rotation": {"angle": 0, "axis": "y", "origin": [18, 22, 23]},
			"faces": {
				"north": {"uv": [5, 1, 6, 2], "texture": "#vine", "tintindex": 0 },
				"south": {"uv": [5, 1, 6, 2], "texture": "#vine", "tintindex": 0 , "cullface": "south"},
				"west": {"uv": [5, 1, 6, 2], "texture": "#vine", "tintindex": 0 },
				"down": {"uv": [5, 1, 6, 2], "texture": "#vine", "tintindex": 0 }
			}
		},
		{
			"from": [6, 14, 15.5],
			"to": [7, 15, 16],
			"rotation": {"angle": 0, "axis": "y", "origin": [14, 22, 23]},
			"faces": {
				"north": {"uv": [9, 1, 10, 2], "texture": "#vine", "tintindex": 0 },
				"east": {"uv": [9, 1, 10, 2], "texture": "#vine", "tintindex": 0 },
				"south": {"uv": [9, 1, 10, 2], "texture": "#vine", "tintindex": 0 , "cullface": "south"},
				"west": {"uv": [9, 1, 10, 2], "texture": "#vine", "tintindex": 0 },
				"down": {"uv": [9, 1, 10, 2], "texture": "#vine", "tintindex": 0 }
			}
		},
		{
			"from": [6, 15, 15.5],
			"to": [11, 16, 16],
			"rotation": {"angle": 0, "axis": "y", "origin": [14, 23, 23]},
			"faces": {
				"north": {"uv": [5, 0, 10, 1], "texture": "#vine", "tintindex": 0 },
				"south": {"uv": [5, 0, 10, 1], "rotation": 180, "texture": "#vine", "tintindex": 0 , "cullface": "south"},
				"west": {"uv": [9, 0, 10, 1], "texture": "#vine", "tintindex": 0 },
				"up": {"uv": [5, 0, 10, 1], "rotation": 180, "texture": "#vine", "tintindex": 0 , "cullface": "up"},
				"down": {"uv": [5, 0, 10, 1], "rotation": 180, "texture": "#vine", "tintindex": 0 }
			}
		},
		{
			"from": [2, 11, 15.5],
			"to": [5, 16, 16],
			"rotation": {"angle": 0, "axis": "y", "origin": [10, 23, 23]},
			"faces": {
				"north": {"uv": [11, 0, 14, 5], "texture": "#vine", "tintindex": 0 },
				"east": {"uv": [11, 0, 12, 5], "texture": "#vine", "tintindex": 0 },
				"south": {"uv": [14, 0, 11, 5], "texture": "#vine", "tintindex": 0 , "cullface": "south"},
				"west": {"uv": [13, 0, 14, 5], "texture": "#vine", "tintindex": 0 },
				"up": {"uv": [11, 0, 14, 1], "rotation": 180, "texture": "#vine", "tintindex": 0 , "cullface": "up"},
				"down": {"uv": [11, 4, 14, 5], "texture": "#vine", "tintindex": 0 }
			}
		},
		{
			"from": [2, 6, 15.5],
			"to": [5, 10, 16],
			"rotation": {"angle": 0, "axis": "y", "origin": [10, 17, 23]},
			"faces": {
				"north": {"uv": [11, 6, 14, 10], "texture": "#vine", "tintindex": 0 },
				"east": {"uv": [11, 6, 12, 10], "texture": "#vine", "tintindex": 0 },
				"south": {"uv": [14, 6, 11, 10], "texture": "#vine", "tintindex": 0 , "cullface": "south"},
				"west": {"uv": [13, 6, 14, 10], "texture": "#vine", "tintindex": 0 },
				"up": {"uv": [11, 6, 14, 7], "rotation": 180, "texture": "#vine", "tintindex": 0 },
				"down": {"uv": [11, 9, 14, 10], "texture": "#vine", "tintindex": 0 }
			}
		},
		{
			"from": [1, 14, 15.5],
			"to": [2, 16, 16],
			"rotation": {"angle": 0, "axis": "y", "origin": [9, 23, 23]},
			"faces": {
				"north": {"uv": [14, 0, 15, 2], "texture": "#vine", "tintindex": 0 },
				"south": {"uv": [14, 0, 15, 2], "texture": "#vine", "tintindex": 0 , "cullface": "south"},
				"west": {"uv": [14, 0, 15, 2], "texture": "#vine", "tintindex": 0 },
				"up": {"uv": [14, 0, 15, 1], "texture": "#vine", "tintindex": 0 , "cullface": "up"},
				"down": {"uv": [14, 1, 15, 2], "texture": "#vine", "tintindex": 0 }
			}
		},
		{
			"from": [5, 11, 15.5],
			"to": [6, 14, 16],
			"rotation": {"angle": 0, "axis": "y", "origin": [13, 21, 23]},
			"faces": {
				"north": {"uv": [10, 2, 11, 5], "texture": "#vine", "tintindex": 0 },
				"east": {"uv": [10, 2, 11, 5], "texture": "#vine", "tintindex": 0 },
				"south": {"uv": [10, 2, 11, 5], "texture": "#vine", "tintindex": 0 , "cullface": "south"},
				"up": {"uv": [10, 2, 11, 3], "texture": "#vine", "tintindex": 0 },
				"down": {"uv": [10, 4, 11, 5], "texture": "#vine", "tintindex": 0 }
			}
		},
		{
			"from": [0, 10, 15.5],
			"to": [4, 11, 16],
			"rotation": {"angle": 0, "axis": "y", "origin": [8, 18, 23]},
			"faces": {
				"north": {"uv": [12, 5, 16, 6], "texture": "#vine", "tintindex": 0 },
				"east": {"uv": [12, 5, 13, 6], "texture": "#vine", "tintindex": 0 },
				"south": {"uv": [12, 5, 16, 6], "rotation": 180, "texture": "#vine", "tintindex": 0 , "cullface": "south"},
				"west": {"uv": [15, 5, 16, 6], "texture": "#vine", "tintindex": 0 , "cullface": "west"},
				"up": {"uv": [12, 5, 16, 6], "rotation": 180, "texture": "#vine", "tintindex": 0 },
				"down": {"uv": [12, 5, 16, 6], "rotation": 180, "texture": "#vine", "tintindex": 0 }
			}
		},
		{
			"from": [6, 10, 15.5],
			"to": [7, 13, 16],
			"rotation": {"angle": 0, "axis": "y", "origin": [14, 20, 23]},
			"faces": {
				"north": {"uv": [9, 3, 10, 6], "texture": "#vine", "tintindex": 0 },
				"east": {"uv": [9, 3, 10, 6], "texture": "#vine", "tintindex": 0 },
				"south": {"uv": [9, 3, 10, 6], "texture": "#vine", "tintindex": 0 , "cullface": "south"},
				"west": {"uv": [9, 3, 10, 6], "texture": "#vine", "tintindex": 0 },
				"up": {"uv": [9, 3, 10, 4], "texture": "#vine", "tintindex": 0 },
				"down": {"uv": [9, 5, 10, 6], "texture": "#vine", "tintindex": 0 }
			}
		}
	],
	"groups": [
		{
			"name": "vine",
			"origin": [19, 11, 23],
			"children": [0, 1, 2, 3, 4, 5, 6, 7, 8, 9, 10, 11, 12, 13, 14, 15, 16, 17, 18, 19, 20, 21, 22, 23, 24, 25, 26, 27, 28, 29, 30, 31, 32, 33, 34, 35]
		}
	]
}