{
	"credit": "Libro della Giungla",
	"ambientocclusion": false,
	"textures": {
		"particle": "blocks/vine",
		"vine": "blocks/vine"
	},
	"elements": [
		{
			"from": [11.02222, 15.5, 11],
			"to": [16.02222, 16, 14],
			"rotation": {"angle": 0, "axis": "z", "origin": [8.3, 7.72222, 7.8125]},
			"faces": {
				"north": {"uv": [4, 11, 5, 16], "rotation": 90, "texture": "#vine", "tintindex": 0 },
				"east": {"uv": [2, 15, 5, 16], "rotation": 180, "texture": "#vine", "tintindex": 0 , "cullface": "east"},
				"south": {"uv": [2, 11, 3, 16], "rotation": 270, "texture": "#vine", "tintindex": 0 },
				"west": {"uv": [2, 11, 5, 12], "rotation": 180, "texture": "#vine", "tintindex": 0 },
				"up": {"uv": [2, 11, 5, 16], "rotation": 270, "texture": "#vine", "tintindex": 0 , "cullface": "up"},
				"down": {"uv": [5, 11, 2, 16], "rotation": 270, "texture": "#vine", "tintindex": 0 }
			}
		},
		{
			"from": [12.02222, 15.5, 14],
			"to": [15.02222, 16, 15],
			"rotation": {"angle": 0, "axis": "z", "origin": [8.3, 7.72222, 7.8125]},
			"faces": {
				"east": {"uv": [1, 14, 2, 15], "rotation": 180, "texture": "#vine", "tintindex": 0 },
				"south": {"uv": [1, 12, 2, 15], "rotation": 270, "texture": "#vine", "tintindex": 0 },
				"west": {"uv": [1, 12, 2, 13], "texture": "#vine", "tintindex": 0 },
				"up": {"uv": [1, 12, 2, 15], "rotation": 270, "texture": "#vine", "tintindex": 0 , "cullface": "up"},
				"down": {"uv": [1, 12, 2, 15], "rotation": 270, "texture": "#vine", "tintindex": 0 }
			}
		},
		{
			"from": [15.02222, 15.5, 9],
			"to": [16.02222, 16, 11],
			"rotation": {"angle": 0, "axis": "z", "origin": [8.3, 7.72222, 7.8125]},
			"faces": {
				"north": {"uv": [6, 15, 7, 16], "rotation": 90, "texture": "#vine", "tintindex": 0 },
				"east": {"uv": [5, 15, 7, 16], "texture": "#vine", "tintindex": 0 , "cullface": "east"},
				"west": {"uv": [5, 15, 7, 16], "rotation": 180, "texture": "#vine", "tintindex": 0 },
				"up": {"uv": [5, 15, 7, 16], "rotation": 270, "texture": "#vine", "tintindex": 0 , "cullface": "up"},
				"down": {"uv": [5, 15, 7, 16], "rotation": 90, "texture": "#vine", "tintindex": 0 }
			}
		},
		{
			"from": [15.02222, 15.5, 6],
			"to": [16.02222, 16, 8],
			"rotation": {"angle": 0, "axis": "z", "origin": [8.3, 7.72222, 7.8125]},
			"faces": {
				"north": {"uv": [9, 15, 10, 16], "rotation": 90, "texture": "#vine", "tintindex": 0 },
				"east": {"uv": [8, 15, 10, 16], "texture": "#vine", "tintindex": 0 , "cullface": "east"},
				"south": {"uv": [8, 15, 9, 16], "rotation": 270, "texture": "#vine", "tintindex": 0 },
				"west": {"uv": [8, 15, 10, 16], "rotation": 180, "texture": "#vine", "tintindex": 0 },
				"up": {"uv": [8, 15, 10, 16], "rotation": 270, "texture": "#vine", "tintindex": 0 , "cullface": "up"},
				"down": {"uv": [8, 15, 10, 16], "rotation": 90, "texture": "#vine", "tintindex": 0 }
			}
		},
		{
			"from": [12.02222, 15.5, 15],
			"to": [13.02222, 16, 16],
			"rotation": {"angle": 0, "axis": "z", "origin": [8.3, 7.72222, 7.8125]},
			"faces": {
				"east": {"uv": [0, 12, 1, 13], "rotation": 180, "texture": "#vine", "tintindex": 0 },
				"west": {"uv": [0, 12, 1, 13], "texture": "#vine", "tintindex": 0 },
				"up": {"uv": [0, 12, 1, 13], "rotation": 270, "texture": "#vine", "tintindex": 0 , "cullface": "up"},
				"down": {"uv": [0, 12, 1, 13], "rotation": 270, "texture": "#vine", "tintindex": 0 }
			}
		},
		{
			"from": [7.02222, 15.5, 7],
			"to": [8.02222, 16, 8],
			"rotation": {"angle": 0, "axis": "z", "origin": [8.3, 7.72222, 7.8125]},
			"faces": {
				"north": {"uv": [8, 7, 9, 8], "rotation": 90, "texture": "#vine", "tintindex": 0 },
				"east": {"uv": [8, 7, 9, 8], "rotation": 180, "texture": "#vine", "tintindex": 0 },
				"south": {"uv": [8, 7, 9, 8], "rotation": 270, "texture": "#vine", "tintindex": 0 },
				"up": {"uv": [8, 7, 9, 8], "rotation": 270, "texture": "#vine", "tintindex": 0 , "cullface": "up"},
				"down": {"uv": [8, 7, 9, 8], "rotation": 270, "texture": "#vine", "tintindex": 0 }
			}
		},
		{
			"from": [7.02222, 15.5, 5],
			"to": [8.02222, 16, 6],
			"rotation": {"angle": 0, "axis": "z", "origin": [8.3, 7.72222, 7.8125]},
			"faces": {
				"east": {"uv": [10, 7, 11, 8], "rotation": 180, "texture": "#vine", "tintindex": 0 },
				"south": {"uv": [10, 7, 11, 8], "rotation": 270, "texture": "#vine", "tintindex": 0 },
				"west": {"uv": [10, 7, 11, 8], "texture": "#vine", "tintindex": 0 },
				"up": {"uv": [10, 7, 11, 8], "rotation": 270, "texture": "#vine", "tintindex": 0 , "cullface": "up"},
				"down": {"uv": [10, 7, 11, 8], "rotation": 270, "texture": "#vine", "tintindex": 0 }
			}
		},
		{
			"from": [14.02222, 15.5, 5],
			"to": [15.02222, 16, 6],
			"rotation": {"angle": 0, "axis": "z", "origin": [8.3, 7.72222, 7.8125]},
			"faces": {
				"east": {"uv": [10, 14, 11, 15], "rotation": 180, "texture": "#vine", "tintindex": 0 },
				"south": {"uv": [10, 14, 11, 15], "rotation": 270, "texture": "#vine", "tintindex": 0 },
				"west": {"uv": [10, 14, 11, 15], "texture": "#vine", "tintindex": 0 },
				"up": {"uv": [10, 14, 11, 15], "rotation": 270, "texture": "#vine", "tintindex": 0 , "cullface": "up"},
				"down": {"uv": [10, 14, 11, 15], "rotation": 270, "texture": "#vine", "tintindex": 0 }
			}
		},
		{
			"from": [15.02222, 15.5, 2],
			"to": [16.02222, 16, 3],
			"rotation": {"angle": 0, "axis": "z", "origin": [8.3, 7.72222, 7.8125]},
			"faces": {
				"north": {"uv": [13, 15, 14, 16], "rotation": 90, "texture": "#vine", "tintindex": 0 },
				"east": {"uv": [13, 15, 14, 16], "rotation": 180, "texture": "#vine", "tintindex": 0 , "cullface": "east"},
				"west": {"uv": [13, 15, 14, 16], "texture": "#vine", "tintindex": 0 },
				"up": {"uv": [13, 15, 14, 16], "rotation": 270, "texture": "#vine", "tintindex": 0 , "cullface": "up"},
				"down": {"uv": [13, 15, 14, 16], "rotation": 270, "texture": "#vine", "tintindex": 0 }
			}
		},
		{
			"from": [13.02222, 15.5, 2],
			"to": [14.02222, 16, 3],
			"rotation": {"angle": 0, "axis": "z", "origin": [8.3, 7.72222, 7.8125]},
			"faces": {
				"east": {"uv": [13, 13, 14, 14], "rotation": 180, "texture": "#vine", "tintindex": 0 },
				"west": {"uv": [13, 13, 14, 14], "texture": "#vine", "tintindex": 0 },
				"up": {"uv": [13, 13, 14, 14], "rotation": 270, "texture": "#vine", "tintindex": 0 , "cullface": "up"},
				"down": {"uv": [13, 13, 14, 14], "rotation": 270, "texture": "#vine", "tintindex": 0 }
			}
		},
		{
			"from": [14.02222, 15.5, 0],
			"to": [15.02222, 16, 1],
			"rotation": {"angle": 0, "axis": "z", "origin": [8.3, 7.72222, 7.8125]},
			"faces": {
				"north": {"uv": [15, 14, 16, 15], "rotation": 90, "texture": "#vine", "tintindex": 0 , "cullface": "north"},
				"east": {"uv": [15, 14, 16, 15], "rotation": 180, "texture": "#vine", "tintindex": 0 },
				"south": {"uv": [15, 14, 16, 15], "rotation": 270, "texture": "#vine", "tintindex": 0 },
				"up": {"uv": [15, 14, 16, 15], "rotation": 270, "texture": "#vine", "tintindex": 0 , "cullface": "up"},
				"down": {"uv": [15, 14, 16, 15], "rotation": 270, "texture": "#vine", "tintindex": 0 }
			}
		},
		{
			"from": [9.02222, 15.5, 1],
			"to": [10.02222, 16, 2],
			"rotation": {"angle": 0, "axis": "z", "origin": [8.3, 7.72222, 7.8125]},
			"faces": {
				"north": {"uv": [14, 9, 15, 10], "rotation": 90, "texture": "#vine", "tintindex": 0 },
				"east": {"uv": [14, 9, 15, 10], "rotation": 180, "texture": "#vine", "tintindex": 0 },
				"west": {"uv": [14, 9, 15, 10], "texture": "#vine", "tintindex": 0 },
				"up": {"uv": [14, 9, 15, 10], "rotation": 270, "texture": "#vine", "tintindex": 0 , "cullface": "up"},
				"down": {"uv": [14, 9, 15, 10], "rotation": 270, "texture": "#vine", "tintindex": 0 }
			}
		},
		{
			"from": [12.02222, 15.5, 3],
			"to": [16.02222, 16, 5],
			"rotation": {"angle": 0, "axis": "z", "origin": [8.3, 7.72222, 7.8125]},
			"faces": {
				"north": {"uv": [12, 12, 13, 16], "rotation": 90, "texture": "#vine", "tintindex": 0 },
				"east": {"uv": [11, 15, 13, 16], "texture": "#vine", "tintindex": 0 , "cullface": "east"},
				"south": {"uv": [11, 12, 12, 16], "rotation": 270, "texture": "#vine", "tintindex": 0 },
				"west": {"uv": [11, 12, 13, 13], "rotation": 180, "texture": "#vine", "tintindex": 0 },
				"up": {"uv": [11, 12, 13, 16], "rotation": 270, "texture": "#vine", "tintindex": 0 , "cullface": "up"},
				"down": {"uv": [13, 12, 11, 16], "rotation": 270, "texture": "#vine", "tintindex": 0 }
			}
		},
		{
			"from": [9.02222, 15.5, 4],
			"to": [13.02222, 16, 6],
			"rotation": {"angle": 0, "axis": "z", "origin": [8.3, 7.72222, 7.8125]},
			"faces": {
				"north": {"uv": [11, 9, 12, 13], "rotation": 90, "texture": "#vine", "tintindex": 0 },
				"east": {"uv": [10, 12, 12, 13], "texture": "#vine", "tintindex": 0 },
				"south": {"uv": [10, 9, 11, 13], "rotation": 270, "texture": "#vine", "tintindex": 0 },
				"west": {"uv": [10, 9, 12, 10], "rotation": 180, "texture": "#vine", "tintindex": 0 },
				"up": {"uv": [10, 9, 12, 13], "rotation": 270, "texture": "#vine", "tintindex": 0 , "cullface": "up"},
				"down": {"uv": [12, 9, 10, 13], "rotation": 270, "texture": "#vine", "tintindex": 0 }
			}
		},
		{
			"from": [5.02222, 15.5, 7],
			"to": [7.02222, 16, 9],
			"rotation": {"angle": 0, "axis": "z", "origin": [8.3, 7.72222, 7.8125]},
			"faces": {
				"north": {"uv": [8, 5, 9, 7], "rotation": 90, "texture": "#vine", "tintindex": 0 },
				"east": {"uv": [7, 6, 9, 7], "rotation": 180, "texture": "#vine", "tintindex": 0 },
				"south": {"uv": [7, 5, 8, 7], "rotation": 270, "texture": "#vine", "tintindex": 0 },
				"west": {"uv": [7, 5, 9, 6], "texture": "#vine", "tintindex": 0 },
				"up": {"uv": [7, 5, 9, 7], "rotation": 270, "texture": "#vine", "tintindex": 0 , "cullface": "up"},
				"down": {"uv": [9, 5, 7, 7], "rotation": 270, "texture": "#vine", "tintindex": 0 }
			}
		},
		{
			"from": [12.02222, 15.5, 0],
			"to": [14.02222, 16, 2],
			"rotation": {"angle": 0, "axis": "z", "origin": [8.3, 7.72222, 7.8125]},
			"faces": {
				"north": {"uv": [15, 12, 16, 14], "rotation": 90, "texture": "#vine", "tintindex": 0 , "cullface": "north"},
				"east": {"uv": [14, 13, 16, 14], "texture": "#vine", "tintindex": 0 },
				"south": {"uv": [14, 12, 15, 14], "rotation": 270, "texture": "#vine", "tintindex": 0 },
				"west": {"uv": [14, 12, 16, 13], "rotation": 180, "texture": "#vine", "tintindex": 0 },
				"up": {"uv": [14, 12, 16, 14], "rotation": 270, "texture": "#vine", "tintindex": 0 , "cullface": "up"},
				"down": {"uv": [16, 12, 14, 14], "rotation": 270, "texture": "#vine", "tintindex": 0 }
			}
		},
		{
			"from": [6.02222, 15.5, 10],
			"to": [13.02222, 16, 12],
			"rotation": {"angle": 0, "axis": "z", "origin": [8.3, 7.72222, 7.8125]},
			"faces": {
				"north": {"uv": [5, 6, 6, 13], "rotation": 90, "texture": "#vine", "tintindex": 0 },
				"east": {"uv": [4, 12, 6, 13], "texture": "#vine", "tintindex": 0 },
				"south": {"uv": [4, 6, 5, 13], "rotation": 270, "texture": "#vine", "tintindex": 0 },
				"west": {"uv": [4, 6, 6, 7], "texture": "#vine", "tintindex": 0 },
				"up": {"uv": [4, 6, 6, 13], "rotation": 270, "texture": "#vine", "tintindex": 0 , "cullface": "up"},
				"down": {"uv": [6, 6, 4, 13], "rotation": 270, "texture": "#vine", "tintindex": 0 }
			}
		},
		{
			"from": [11.02222, 15.5, 9],
			"to": [14.02222, 16, 10],
			"rotation": {"angle": 0, "axis": "z", "origin": [8.3, 7.72222, 7.8125]},
			"faces": {
				"north": {"uv": [6, 11, 7, 14], "rotation": 90, "texture": "#vine", "tintindex": 0 },
				"east": {"uv": [6, 13, 7, 14], "rotation": 180, "texture": "#vine", "tintindex": 0 },
				"south": {"uv": [6, 11, 7, 14], "rotation": 270, "texture": "#vine", "tintindex": 0 },
				"west": {"uv": [6, 11, 7, 12], "texture": "#vine", "tintindex": 0 },
				"up": {"uv": [6, 11, 7, 14], "rotation": 270, "texture": "#vine", "tintindex": 0 , "cullface": "up"},
				"down": {"uv": [6, 11, 7, 14], "rotation": 270, "texture": "#vine", "tintindex": 0 }
			}
		},
		{
			"from": [11.02222, 15.5, 6],
			"to": [14.02222, 16, 7],
			"rotation": {"angle": 0, "axis": "z", "origin": [8.3, 7.72222, 7.8125]},
			"faces": {
				"north": {"uv": [9, 11, 10, 14], "rotation": 90, "texture": "#vine", "tintindex": 0 },
				"east": {"uv": [9, 13, 10, 14], "rotation": 180, "texture": "#vine", "tintindex": 0 },
				"south": {"uv": [9, 11, 10, 14], "rotation": 270, "texture": "#vine", "tintindex": 0 },
				"west": {"uv": [9, 11, 10, 12], "texture": "#vine", "tintindex": 0 },
				"up": {"uv": [9, 11, 10, 14], "rotation": 270, "texture": "#vine", "tintindex": 0 , "cullface": "up"},
				"down": {"uv": [9, 11, 10, 14], "rotation": 270, "texture": "#vine", "tintindex": 0 }
			}
		},
		{
			"from": [6.02222, 15.5, 9],
			"to": [9.02222, 16, 10],
			"rotation": {"angle": 0, "axis": "z", "origin": [8.3, 7.72222, 7.8125]},
			"faces": {
				"north": {"uv": [6, 6, 7, 9], "rotation": 90, "texture": "#vine", "tintindex": 0 },
				"east": {"uv": [6, 8, 7, 9], "rotation": 180, "texture": "#vine", "tintindex": 0 },
				"west": {"uv": [6, 6, 7, 7], "texture": "#vine", "tintindex": 0 },
				"up": {"uv": [6, 6, 7, 9], "rotation": 270, "texture": "#vine", "tintindex": 0 , "cullface": "up"},
				"down": {"uv": [6, 6, 7, 9], "rotation": 270, "texture": "#vine", "tintindex": 0 }
			}
		},
		{
			"from": [5.02222, 15.5, 11],
			"to": [7.02222, 16, 15],
			"rotation": {"angle": 0, "axis": "z", "origin": [8.3, 7.72222, 7.8125]},
			"faces": {
				"north": {"uv": [4, 5, 5, 7], "rotation": 90, "texture": "#vine", "tintindex": 0 },
				"east": {"uv": [1, 6, 5, 7], "texture": "#vine", "tintindex": 0 },
				"south": {"uv": [1, 5, 2, 7], "rotation": 270, "texture": "#vine", "tintindex": 0 },
				"west": {"uv": [1, 5, 5, 6], "rotation": 180, "texture": "#vine", "tintindex": 0 },
				"up": {"uv": [1, 5, 5, 7], "rotation": 270, "texture": "#vine", "tintindex": 0 , "cullface": "up"},
				"down": {"uv": [5, 5, 1, 7], "rotation": 270, "texture": "#vine", "tintindex": 0 }
			}
		},
		{
			"from": [1.02222, 15.5, 12],
			"to": [5.02222, 16, 14],
			"rotation": {"angle": 0, "axis": "z", "origin": [8.3, 7.72222, 7.8125]},
			"faces": {
				"north": {"uv": [3, 1, 4, 5], "rotation": 90, "texture": "#vine", "tintindex": 0 },
				"south": {"uv": [2, 1, 3, 5], "rotation": 270, "texture": "#vine", "tintindex": 0 },
				"west": {"uv": [2, 1, 4, 2], "rotation": 180, "texture": "#vine", "tintindex": 0 },
				"up": {"uv": [2, 1, 4, 5], "rotation": 270, "texture": "#vine", "tintindex": 0 , "cullface": "up"},
				"down": {"uv": [4, 1, 2, 5], "rotation": 270, "texture": "#vine", "tintindex": 0 }
			}
		},
		{
			"from": [1.02222, 15.5, 14],
			"to": [4.02222, 16, 15],
			"rotation": {"angle": 0, "axis": "z", "origin": [8.3, 7.72222, 7.8125]},
			"faces": {
				"east": {"uv": [2, 3, 1, 4], "rotation": 180, "texture": "#vine", "tintindex": 0 },
				"south": {"uv": [2, 1, 1, 4], "rotation": 270, "texture": "#vine", "tintindex": 0 },
				"west": {"uv": [2, 1, 1, 2], "texture": "#vine", "tintindex": 0 },
				"up": {"uv": [2, 1, 1, 4], "rotation": 270, "texture": "#vine", "tintindex": 0 , "cullface": "up"},
				"down": {"uv": [2, 1, 1, 4], "rotation": 270, "texture": "#vine", "tintindex": 0 }
			}
		},
		{
			"from": [2.02222, 15.5, 15],
			"to": [4.02222, 16, 16],
			"rotation": {"angle": 0, "axis": "z", "origin": [8.3, 7.72222, 7.8125]},
			"faces": {
				"east": {"uv": [1, 3, 0, 4], "rotation": 180, "texture": "#vine", "tintindex": 0 },
				"west": {"uv": [1, 2, 0, 3], "texture": "#vine", "tintindex": 0 },
				"up": {"uv": [1, 2, 0, 4], "rotation": 270, "texture": "#vine", "tintindex": 0 , "cullface": "up"},
				"down": {"uv": [1, 2, 0, 4], "rotation": 270, "texture": "#vine", "tintindex": 0 }
			}
		},
		{
			"from": [7.02222, 15.5, 12],
			"to": [8.02222, 16, 13],
			"rotation": {"angle": 0, "axis": "z", "origin": [8.3, 7.72222, 7.8125]},
			"faces": {
				"east": {"uv": [3, 7, 4, 8], "rotation": 180, "texture": "#vine", "tintindex": 0 },
				"south": {"uv": [3, 7, 4, 8], "rotation": 270, "texture": "#vine", "tintindex": 0 },
				"up": {"uv": [3, 7, 4, 8], "rotation": 270, "texture": "#vine", "tintindex": 0 , "cullface": "up"},
				"down": {"uv": [3, 7, 4, 8], "rotation": 270, "texture": "#vine", "tintindex": 0 }
			}
		},
		{
			"from": [6.02222, 15.5, 15],
			"to": [8.02222, 16, 16],
			"rotation": {"angle": 0, "axis": "z", "origin": [8.3, 7.72222, 7.8125]},
			"faces": {
				"north": {"uv": [0, 6, 1, 8], "rotation": 90, "texture": "#vine", "tintindex": 0 },
				"east": {"uv": [0, 7, 1, 8], "rotation": 180, "texture": "#vine", "tintindex": 0 },
				"west": {"uv": [0, 6, 1, 7], "texture": "#vine", "tintindex": 0 },
				"up": {"uv": [0, 6, 1, 8], "rotation": 270, "texture": "#vine", "tintindex": 0 , "cullface": "up"},
				"down": {"uv": [0, 6, 1, 8], "rotation": 270, "texture": "#vine", "tintindex": 0 }
			}
		},
		{
			"from": [0.02222, 15.5, 11],
			"to": [3.02222, 16, 13],
			"rotation": {"angle": 0, "axis": "z", "origin": [8.3, 7.72222, 7.8125]},
			"faces": {
				"north": {"uv": [4, 0, 5, 3], "rotation": 90, "texture": "#vine", "tintindex": 0 },
				"east": {"uv": [3, 2, 5, 3], "texture": "#vine", "tintindex": 0 },
				"south": {"uv": [3, 0, 4, 3], "rotation": 270, "texture": "#vine", "tintindex": 0 },
				"up": {"uv": [3, 0, 5, 3], "rotation": 270, "texture": "#vine", "tintindex": 0 , "cullface": "up"},
				"down": {"uv": [5, 0, 3, 3], "rotation": 270, "texture": "#vine", "tintindex": 0 }
			}
		},
		{
			"from": [1.02222, 15.5, 10],
			"to": [2.02222, 16, 11],
			"rotation": {"angle": 0, "axis": "z", "origin": [8.3, 7.72222, 7.8125]},
			"faces": {
				"north": {"uv": [5, 1, 6, 2], "rotation": 90, "texture": "#vine", "tintindex": 0 },
				"east": {"uv": [5, 1, 6, 2], "rotation": 180, "texture": "#vine", "tintindex": 0 },
				"up": {"uv": [5, 1, 6, 2], "rotation": 270, "texture": "#vine", "tintindex": 0 , "cullface": "up"},
				"down": {"uv": [5, 1, 6, 2], "rotation": 270, "texture": "#vine", "tintindex": 0 }
			}
		},
		{
			"from": [1.02222, 15.5, 6],
			"to": [2.02222, 16, 7],
			"rotation": {"angle": 0, "axis": "z", "origin": [8.3, 7.72222, 7.8125]},
			"faces": {
				"north": {"uv": [9, 1, 10, 2], "rotation": 90, "texture": "#vine", "tintindex": 0 },
				"east": {"uv": [9, 1, 10, 2], "rotation": 180, "texture": "#vine", "tintindex": 0 },
				"south": {"uv": [9, 1, 10, 2], "rotation": 270, "texture": "#vine", "tintindex": 0 },
				"up": {"uv": [9, 1, 10, 2], "rotation": 270, "texture": "#vine", "tintindex": 0 , "cullface": "up"},
				"down": {"uv": [9, 1, 10, 2], "rotation": 270, "texture": "#vine", "tintindex": 0 }
			}
		},
		{
			"from": [0.02222, 15.5, 6],
			"to": [1.02222, 16, 11],
			"rotation": {"angle": 0, "axis": "z", "origin": [8.3, 7.72222, 7.8125]},
			"faces": {
				"north": {"uv": [9, 0, 10, 1], "rotation": 90, "texture": "#vine", "tintindex": 0 },
				"east": {"uv": [5, 0, 10, 1], "texture": "#vine", "tintindex": 0 },
				"west": {"uv": [5, 0, 10, 1], "rotation": 180, "texture": "#vine", "tintindex": 0 },
				"up": {"uv": [5, 0, 10, 1], "rotation": 270, "texture": "#vine", "tintindex": 0 , "cullface": "up"},
				"down": {"uv": [5, 0, 10, 1], "rotation": 90, "texture": "#vine", "tintindex": 0 }
			}
		},
		{
			"from": [0.02222, 15.5, 2],
			"to": [5.02222, 16, 5],
			"rotation": {"angle": 0, "axis": "z", "origin": [8.3, 7.72222, 7.8125]},
			"faces": {
				"north": {"uv": [13, 0, 14, 5], "rotation": 90, "texture": "#vine", "tintindex": 0 },
				"east": {"uv": [11, 4, 14, 5], "rotation": 180, "texture": "#vine", "tintindex": 0 },
				"south": {"uv": [11, 0, 12, 5], "rotation": 270, "texture": "#vine", "tintindex": 0 },
				"west": {"uv": [11, 0, 14, 1], "rotation": 180, "texture": "#vine", "tintindex": 0 },
				"up": {"uv": [11, 0, 14, 5], "rotation": 270, "texture": "#vine", "tintindex": 0 , "cullface": "up"},
				"down": {"uv": [14, 0, 11, 5], "rotation": 270, "texture": "#vine", "tintindex": 0 }
			}
		},
		{
			"from": [6.02222, 15.5, 2],
			"to": [10.02222, 16, 5],
			"rotation": {"angle": 0, "axis": "z", "origin": [8.3, 7.72222, 7.8125]},
			"faces": {
				"north": {"uv": [13, 6, 14, 10], "rotation": 90, "texture": "#vine", "tintindex": 0 },
				"east": {"uv": [11, 9, 14, 10], "rotation": 180, "texture": "#vine", "tintindex": 0 },
				"south": {"uv": [11, 6, 12, 10], "rotation": 270, "texture": "#vine", "tintindex": 0 },
				"west": {"uv": [11, 6, 14, 7], "rotation": 180, "texture": "#vine", "tintindex": 0 },
				"up": {"uv": [11, 6, 14, 10], "rotation": 270, "texture": "#vine", "tintindex": 0 , "cullface": "up"},
				"down": {"uv": [14, 6, 11, 10], "rotation": 270, "texture": "#vine", "tintindex": 0 }
			}
		},
		{
			"from": [0.02222, 15.5, 1],
			"to": [2.02222, 16, 2],
			"rotation": {"angle": 0, "axis": "z", "origin": [8.3, 7.72222, 7.8125]},
			"faces": {
				"north": {"uv": [14, 0, 15, 2], "rotation": 90, "texture": "#vine", "tintindex": 0 },
				"east": {"uv": [14, 1, 15, 2], "rotation": 180, "texture": "#vine", "tintindex": 0 },
				"west": {"uv": [14, 0, 15, 1], "texture": "#vine", "tintindex": 0 },
				"up": {"uv": [14, 0, 15, 2], "rotation": 270, "texture": "#vine", "tintindex": 0 , "cullface": "up"},
				"down": {"uv": [14, 0, 15, 2], "rotation": 270, "texture": "#vine", "tintindex": 0 }
			}
		},
		{
			"from": [2.02222, 15.5, 5],
			"to": [5.02222, 16, 6],
			"rotation": {"angle": 0, "axis": "z", "origin": [8.3, 7.72222, 7.8125]},
			"faces": {
				"east": {"uv": [10, 4, 11, 5], "rotation": 180, "texture": "#vine", "tintindex": 0 },
				"south": {"uv": [10, 2, 11, 5], "rotation": 270, "texture": "#vine", "tintindex": 0 },
				"west": {"uv": [10, 2, 11, 3], "texture": "#vine", "tintindex": 0 },
				"up": {"uv": [10, 2, 11, 5], "rotation": 270, "texture": "#vine", "tintindex": 0 , "cullface": "up"},
				"down": {"uv": [10, 2, 11, 5], "rotation": 270, "texture": "#vine", "tintindex": 0 }
			}
		},
		{
			"from": [5.02222, 15.5, 0],
			"to": [6.02222, 16, 4],
			"rotation": {"angle": 0, "axis": "z", "origin": [8.3, 7.72222, 7.8125]},
			"faces": {
				"north": {"uv": [15, 5, 16, 6], "rotation": 90, "texture": "#vine", "tintindex": 0 , "cullface": "north"},
				"east": {"uv": [12, 5, 16, 6], "texture": "#vine", "tintindex": 0 },
				"south": {"uv": [12, 5, 13, 6], "rotation": 270, "texture": "#vine", "tintindex": 0 },
				"west": {"uv": [12, 5, 16, 6], "rotation": 180, "texture": "#vine", "tintindex": 0 },
				"up": {"uv": [12, 5, 16, 6], "rotation": 270, "texture": "#vine", "tintindex": 0 , "cullface": "up"},
				"down": {"uv": [12, 5, 16, 6], "rotation": 90, "texture": "#vine", "tintindex": 0 }
			}
		},
		{
			"from": [3.02222, 15.5, 6],
			"to": [6.02222, 16, 7],
			"rotation": {"angle": 0, "axis": "z", "origin": [8.3, 7.72222, 7.8125]},
			"faces": {
				"north": {"uv": [9, 3, 10, 6], "rotation": 90, "texture": "#vine", "tintindex": 0 },
				"east": {"uv": [9, 5, 10, 6], "rotation": 180, "texture": "#vine", "tintindex": 0 },
				"south": {"uv": [9, 3, 10, 6], "rotation": 270, "texture": "#vine", "tintindex": 0 },
				"west": {"uv": [9, 3, 10, 4], "texture": "#vine", "tintindex": 0 },
				"up": {"uv": [9, 3, 10, 6], "rotation": 270, "texture": "#vine", "tintindex": 0 , "cullface": "up"},
				"down": {"uv": [9, 3, 10, 6], "rotation": 270, "texture": "#vine", "tintindex": 0 }
			}
		}
	],
	"groups": [
		{
			"name": "vine5",
			"origin": [19, 11, 23],
			"children": [0, 1, 2, 3, 4, 5, 6, 7, 8, 9, 10, 11, 12, 13, 14, 15, 16, 17, 18, 19, 20, 21, 22, 23, 24, 25, 26, 27, 28, 29, 30, 31, 32, 33, 34, 35]
		}
	]
}