{
	"credit": "Made with Blockbench",
	"ambientocclusion": false,
	"textures": {
		"particle": "blocks/iron_bars",
		"pane": "blocks/iron_bars",
		"edge": "blocks/iron_bars_cross"
	},
	"elements": [
		{
			"from": [8, 0, 0],
			"to": [8, 16, 16],
			"faces": {
				"east": {"uv": [0, 0, 16, 16], "texture": "#pane"},
				"west": {"uv": [0, 0, 16, 16], "texture": "#pane"}
			}
		},
		{
			"from": [8, 0, 8],
			"to": [16, 16, 8],
			"faces": {
				"north": {"uv": [0, 0, 8, 16], "texture": "#pane"},
				"south": {"uv": [8, 0, 16, 16], "texture": "#pane"}
			}
		},
		{
			"from": [7, 0, 0],
			"to": [9, 16, 0],
			"faces": {
				"north": {"uv": [7, 0, 9, 16], "texture": "#edge", "cullface": "north"}
			}
		},
		{
			"from": [7, 0, 16],
			"to": [9, 16, 16],
			"faces": {
				"south": {"uv": [7, 0, 9, 16], "texture": "#edge", "cullface": "south"}
			}
		},
		{
			"from": [16, 0, 7],
			"to": [16, 16, 9],
			"faces": {
				"east": {"uv": [7, 0, 9, 16], "texture": "#edge", "cullface": "east"}
			}
		},
		{
			"from": [7, 0.01, 0],
			"to": [16, 0.01, 16],
			"faces": {
				"up": {"uv": [7, 0, 16, 16], "texture": "#edge"},
				"down": {"uv": [7, 0, 16, 16], "texture": "#edge"}
			}
		},
		{
			"from": [7, 15.999, 0],
			"to": [16, 15.999, 16],
			"faces": {
				"up": {"uv": [7, 0, 16, 16], "texture": "#edge"},
				"down": {"uv": [7, 0, 16, 16], "texture": "#edge"}
			}
		}
	]
}