{
	"_comment": "Fixato da SavageGhost#1337",
    "ambientocclusion": false,
    "textures": {
        "particle": "#pane"
    },
    "elements": [
        {   "from": [ 7, 0, 0 ],
            "to": [ 9, 16, 7 ],
            "faces": {
                "east":  { "uv": [ 9, 0, 16, 16 ], "texture": "#pane" },
                "north": { "uv": [ 7, 0, 9, 16 ], "texture": "#edge", "cullface": "north" }
            }
        },
        {   "from": [ 9, 0, 7 ],
            "to": [ 16, 16, 9 ],
            "faces": {
                "north":  { "uv": [ 0, 0, 7, 16 ], "texture": "#pane" },
                "east": { "uv": [ 7, 0, 9, 16 ], "texture": "#edge", "cullface": "east" }
            }
        },
        {   "from": [ 7, 0, 0 ],
            "to": [ 16, 16, 9 ],
            "faces": {
                "south":  { "uv": [ 7, 0, 16, 16 ], "texture": "#pane" },
                "west":  { "uv": [ 0, 0,  9, 16 ], "texture": "#pane" }
            }
        },
        {   "from": [ 7, 0, 0 ],
            "to": [ 16, 16, 9 ],
            "faces": {
                "up":    { "uv": [ 7, 0, 16, 9 ], "texture": "#edge" },
                "down":  { "uv": [ 9, 9,  0, 0 ], "texture": "#edge" }
            }
        }
    ]
}
