{
	"__comment": "se ciruzzo ha 2 orologi e ne ruba 4 quanti ne ha rubati in totale",
	"textures": {
		"waterlily": "blocks/waterlily",
		"particle": "blocks/waterlily"
	},
	"elements": [ 	 
		{
			"__comment": "Box1",
			"from": [ 2, 0, 4 ],
			"to": [ 8, 1, 11 ],
			"faces": {
				"down": { "uv": [ 2, 11, 8, 4 ], "texture": "#waterlily", "tintindex": 0 },
				"up": { "uv": [ 2, 4, 8, 11 ], "texture": "#waterlily", "tintindex": 0 },
				"north": { "uv": [ 8, 4, 2, 5 ], "texture": "#waterlily", "tintindex": 0 },
				"south": { "uv": [ 2, 10, 8, 11 ], "texture": "#waterlily", "tintindex": 0 },
				"west": { "uv": [ 2, 4, 3, 11 ], "texture": "#waterlily", "tintindex": 0, "rotation": 270 },
				"east": { "uv": [ 8, 11, 7, 4 ], "texture": "#waterlily", "tintindex": 0, "rotation": 270 }
			}
		},
		{
			"__comment": "Box2",
			"from": [ 3, 0, 2 ],
			"to": [ 7, 1, 13 ],
			"faces": {
				"down": { "uv": [ 3, 13, 7, 2 ], "texture": "#waterlily", "tintindex": 0 },
				"up": { "uv": [ 3, 2, 7, 13 ], "texture": "#waterlily", "tintindex": 0 },
				"north": { "uv": [ 7, 2, 3, 3 ], "texture": "#waterlily", "tintindex": 0 },
				"south": { "uv": [ 3, 12, 7, 13 ], "texture": "#waterlily", "tintindex": 0 },
				"west": { "uv": [ 3, 2, 4, 13 ], "texture": "#waterlily", "rotation": 270, "tintindex": 0 },
				"east": { "uv": [ 7, 13, 6, 2 ], "texture": "#waterlily", "rotation": 270, "tintindex": 0 }
			}
		},
		{
			"__comment": "Box3",
			"from": [ 4, 0, 1 ],
			"to": [ 6, 1, 14 ],
			"faces": {
				"down": { "uv": [ 4, 14, 6, 1 ], "texture": "#waterlily", "tintindex": 0 },
				"up": { "uv": [ 4, 1, 6, 14 ], "texture": "#waterlily", "tintindex": 0 },
				"north": { "uv": [ 6, 1, 4, 2 ], "texture": "#waterlily", "tintindex": 0 },
				"south": { "uv": [ 4, 13, 6, 14 ], "texture": "#waterlily", "tintindex": 0 },
				"west": { "uv": [ 4, 1, 5, 14 ], "texture": "#waterlily", "tintindex": 0, "rotation": 270 },
				"east": { "uv": [ 6, 14, 5, 1 ], "texture": "#waterlily", "tintindex": 0, "rotation": 270 }
			}
		},
		{
			"__comment": "Box4",
			"from": [ 6, 0, 13 ],
			"to": [ 13, 1, 14 ],
			"faces": {
				"down": { "uv": [ 6, 14, 13, 13 ], "texture": "#waterlily", "tintindex": 0 },
				"up": { "uv": [ 6, 13, 13, 14 ], "texture": "#waterlily", "tintindex": 0 },
				"north": { "uv": [ 13, 13, 6, 14 ], "texture": "#waterlily", "tintindex": 0 },
				"south": { "uv": [ 6, 13, 13, 14 ], "texture": "#waterlily", "tintindex": 0 },
				"west": { "uv": [ 6, 13, 7, 14 ], "texture": "#waterlily", "tintindex": 0, "rotation": 270 },
				"east": { "uv": [ 13, 14, 12, 13 ], "texture": "#waterlily", "tintindex": 0, "rotation": 270 }
			}
		},
		{
			"__comment": "Box5",
			"from": [ 6, 0, 14 ],
			"to": [ 11, 1, 15 ],
			"faces": {
				"down": { "uv": [ 6, 15, 11, 14 ], "texture": "#waterlily", "tintindex": 0 },
				"up": { "uv": [ 6, 14, 11, 15 ], "texture": "#waterlily", "tintindex": 0 },
				"north": { "uv": [ 11, 14, 6, 15 ], "texture": "#waterlily", "tintindex": 0 },
				"south": { "uv": [ 6, 14, 11, 15 ], "texture": "#waterlily", "tintindex": 0 },
				"west": { "uv": [ 6, 14, 7, 15 ], "texture": "#waterlily", "tintindex": 0, "rotation": 270 },
				"east": { "uv": [ 11, 15, 10, 14 ], "texture": "#waterlily", "tintindex": 0, "rotation": 270 }
			}
		},
		{
			"__comment": "Box6",
			"from": [ 7, 0, 3 ],
			"to": [ 8, 1, 13 ],
			"faces": {
				"down": { "uv": [ 7, 13, 8, 3 ], "texture": "#waterlily", "tintindex": 0 },
				"up": { "uv": [ 7, 3, 8, 13 ], "texture": "#waterlily", "tintindex": 0 },
				"north": { "uv": [ 8, 3, 7, 4 ], "texture": "#waterlily", "tintindex": 0 },
				"south": { "uv": [ 7, 12, 8, 13 ], "texture": "#waterlily", "tintindex": 0 },
				"west": { "uv": [ 7, 3, 8, 13 ], "texture": "#waterlily", "tintindex": 0, "rotation": 270 },
				"east": { "uv": [ 8, 13, 7, 3 ], "texture": "#waterlily", "tintindex": 0, "rotation": 270 }
			}
		},
		{
			"__comment": "Box7",
			"from": [ 8, 0, 5 ],
			"to": [ 15, 1, 11 ],
			"faces": {
				"down": { "uv": [ 8, 11, 15, 5 ], "texture": "#waterlily", "tintindex": 0 },
				"up": { "uv": [ 8, 5, 15, 11 ], "texture": "#waterlily", "tintindex": 0 },
				"north": { "uv": [ 15, 5, 8, 6 ], "texture": "#waterlily", "tintindex": 0 },
				"south": { "uv": [ 8, 10, 15, 11 ], "texture": "#waterlily", "tintindex": 0 },
				"west": { "uv": [ 8, 5, 9, 11 ], "texture": "#waterlily", "tintindex": 0, "rotation": 270 },
				"east": { "uv": [ 15, 11, 14, 5 ], "texture": "#waterlily", "tintindex": 0, "rotation": 270 }
			}
		},
		{
			"__comment": "Box8",
			"from": [ 8, 0, 11 ],
			"to": [ 14, 1, 13 ],
			"faces": {
				"down": { "uv": [ 8, 13, 14, 11 ], "texture": "#waterlily", "tintindex": 0 },
				"up": { "uv": [ 8, 11, 14, 13 ], "texture": "#waterlily", "tintindex": 0 },
				"north": { "uv": [ 14, 11, 8, 12 ], "texture": "#waterlily", "tintindex": 0 },
				"south": { "uv": [ 8, 12, 14, 13 ], "texture": "#waterlily", "tintindex": 0 },
				"west": { "uv": [ 8, 11, 9, 13 ], "texture": "#waterlily", "tintindex": 0, "rotation": 270 },
				"east": { "uv": [ 14, 13, 13, 11 ], "texture": "#waterlily", "tintindex": 0, "rotation": 270 }
			}
		},
		{
			"__comment": "Box9",
			"from": [ 9, 0, 3 ],
			"to": [ 14, 1, 5 ],
			"faces": {
				"down": { "uv": [ 9, 5, 14, 3 ], "texture": "#waterlily", "tintindex": 0 },
				"up": { "uv": [ 9, 3, 14, 5 ], "texture": "#waterlily", "tintindex": 0 },
				"north": { "uv": [ 14, 3, 9, 4 ], "texture": "#waterlily", "tintindex": 0 },
				"south": { "uv": [ 9, 4, 14, 5 ], "texture": "#waterlily", "tintindex": 0 },
				"west": { "uv": [ 9, 3, 10, 5 ], "texture": "#waterlily", "tintindex": 0, "rotation": 270 },
				"east": { "uv": [ 14, 5, 13, 3 ], "texture": "#waterlily", "tintindex": 0, "rotation": 270 }
			}
		},
		{
			"__comment": "Box10",
			"from": [ 10, 0, 2 ],
			"to": [ 14, 1, 3 ],
			"faces": {
				"down": { "uv": [ 10, 3, 14, 2 ], "texture": "#waterlily", "tintindex": 0 },
				"up": { "uv": [ 10, 2, 14, 3 ], "texture": "#waterlily", "tintindex": 0 },
				"north": { "uv": [ 14, 2, 10, 3 ], "texture": "#waterlily", "tintindex": 0 },
				"south": { "uv": [ 10, 2, 14, 3 ], "texture": "#waterlily", "tintindex": 0 },
				"west": { "uv": [ 10, 2, 11, 3 ], "texture": "#waterlily", "tintindex": 0, "rotation": 270 },
				"east": { "uv": [ 14, 3, 13, 2 ], "texture": "#waterlily", "tintindex": 0, "rotation": 270 }
			}
		},
		{
			"__comment": "Box11",
			"from": [ 11, 0, 1 ],
			"to": [ 13, 1, 2 ],
			"faces": {
				"down": { "uv": [ 11, 2, 13, 1 ], "texture": "#waterlily", "tintindex": 0 },
				"up": { "uv": [ 11, 1, 13, 2 ], "texture": "#waterlily", "tintindex": 0 },
				"north": { "uv": [ 13, 1, 11, 2 ], "texture": "#waterlily", "tintindex": 0 },
				"south": { "uv": [ 11, 1, 13, 2 ], "texture": "#waterlily", "tintindex": 0 },
				"west": { "uv": [ 11, 1, 12, 2 ], "texture": "#waterlily", "tintindex": 0, "rotation": 270 },
				"east": { "uv": [ 13, 2, 12, 1 ], "texture": "#waterlily", "tintindex": 0, "rotation": 270 }
			}
		},
		{
			"__comment": "Box12",
			"from": [ 14, 0, 4 ],
			"to": [ 15, 1, 5 ],
			"faces": {
				"down": { "uv": [ 14, 5, 15, 4 ], "texture": "#waterlily", "tintindex": 0 },
				"up": { "uv": [ 14, 4, 15, 5 ], "texture": "#waterlily", "tintindex": 0 },
				"north": { "uv": [ 15, 4, 14, 5 ], "texture": "#waterlily", "tintindex": 0 },
				"south": { "uv": [ 14, 4, 15, 5 ], "texture": "#waterlily", "tintindex": 0 },
				"west": { "uv": [ 14, 4, 15, 5 ], "texture": "#waterlily", "tintindex": 0, "rotation": 270 },
				"east": { "uv": [ 15, 5, 14, 4 ], "texture": "#waterlily", "tintindex": 0, "rotation": 270 }
			}
		}
	]
}